Crash Id,Calendar Year,FDOT Crash Number,Reporting Agency Case Number,Reporting Agency Type,FDOT Managing District,County Name,Crash Date,Crash Time,Day,DHSMV City,Crash Report City Code,In Town,On Roadway Name,Int Roadway Name,Reference Distance (Miles),Reference Direction,Officer Latitude,Officer Longitude,FDOT Latitude,FDOT Longitude,FDOT Roadway,Nearest Inventory MP,Nearest Node From Crash,State Road #,US Highway,Crash Side of Road,Accident Lane Number,Travel Direction Vehicle 1,FDOT Road Category,DHSMV Road System Id,Relation to Junction,Crash Harmful Event Location,Intersection Type,Shoulder Type,FDOT Roadway SKID Test Result,FDOT Roadway SKID Test Date,Functional Class,RCI Surface Width,RCI Shoulder Type First,RCI Shoulder Width First,RCI Shoulder Type Second,RCI Shoulder Width Second,RCI Shoulder Type Third,RCI Shoulder Width Third,RCI Median Width,Avg Daily Traffic,AADT Source,RCI Avg Per Truck Traffic,RCI Horiz Curve Condition,Posted Speed Limit,Highest Injury in Crash,CAR Status Code,Alcohols/Drug Involved,Site Location,Lighting,Weather,Road Surface,Roadway Grade,Roadway Alignment,Traffic Way Vehicle 1,Traffic Way Vehicle 2,Traffic Control Vehicle 1,Traffic Control Vehicle 2,Count of Lanes,Road Condition 1,Road Condition 2,Road Condition 3,Environment Condition 1,Environment Condition 2,Environment Condition 3,Crash Harmful Event,Manner of Collision,Vehicle Movement,Driver Action Vehicle 1,Driver Action Vehicle 2,Location Within Workzone,Type of Workzone,Workers Present in Workzone,Law Enforcement Present in Workzone,School Bus Related,Count of Nonfatal Injuries,Count of Traffic Fatalities,Count of Serious Injuries,Count of Pedestrians,Count of Drivers,Count of Bicyclists,Count of Vehicles,Count of Persons,Wrong Way,Workzone Inv,Commercial Vehicle Inv,Intersection Inv,Lane Departure,Speeding,Agressive Driving,Impaired Driver,Impaired Pedestrian,Impaired Bicyclist,Distracted Driver,Speeding or Aggressive Driving,Pedestrian Related,Bicyclist Related,Pedestrian or Bicyclist Related,Motorcycle Inv,No Belt,No Belt - Ages 1-4,No Belt - Ages 5-12,No Belt - Ages 13-17,Driver - Ages Teen,Driver - Ages 65 plus,Driver - Ages 65-69,Driver - Ages 70-74,Driver - Ages 75-79,Driver - Ages 80 plus,ARBM Latitude,ARBM Longitude,UTM Zone 17N X,UTM Zone 17N Y,ARBM Side of Road,Urban Rural Indicator,GIS Street Source,Extract Date,OBJECTID,x,y
2018819911950,2018,819911950,FHPL18OFF043411,FLORIDA HIGHWAY PATROL,04 FOURTH,PALM BEACH,"May 22, 2018",2240,WEDNESDAY,9394 WEST PALM BEACH,0694,N,I 95,FOREST HILL BLVD,0.5,S,26.6403468,-80.0690372,26.6481073,-80.0680417,93220000,23.008,04282,SR 9,I 95,R RIGHT,5 THRU LANE 5,N NORTH,01 INTERSTATE URBAN,01 INTERSTATE,01 NON-JUNCTION,01 ON ROADWAY,01 NOT AT INTERSECTION,01 PAVED,32,"May 15, 2017",11 URBAN PRIN ART INT.,64,PAVED,10,,0,,0,32,233000,RCI,7.4,,65,1 NO INJURY,31 Q/C COMPLETED - LOC VERIFIED,0 NO,01 NOT AT INTERSECTION/RRX/BRIDGE,04 DARK-LIGHTED,03 RAIN,02 WET,04 DOWNHILL,1 STRAIGHT,"TWO-WAY, DIVIDED, POSITIVE MED","TWO-WAY, DIVIDED, POSITIVE MED",OTHER (SEE NARRATIVE),OTHER (SEE NARRATIVE),11,WORK ZONE (CONST/MNT/UTLTY)NTE,NOT CODED,NOT CODED,WEATHER CONDITIONS,NOT CODED,NOT CODED,14 MOTOR VEHICLE IN TRANSPORT,01 FRONT TO REAR,01 STRAIGHT AHEAD,NO CONTRIBUTING ACTION,NO CONTRIBUTING ACTION,04 ACTIVITY AREA,01 LANE CLOSURE,01 NO,02 OFFICER PRESENT,01 NO,0,0,0,0,2,0,2,2,N,Y,N,N,N,N,N,N,N,N,N,N,N,N,N,N,N,N,N,N,N,N,N,N,N,N,26.647849791,-80.06809588,592747.765467,2947770.649885,R,,ARBM15Q1R2,"February 28, 2022",1526211,-8913139.959030984,3079544.316725799
2018815109570,2018,815109570,18088015,CITY POLICE DEPARTMENT,04 FOURTH,PALM BEACH,"June 19, 2018",0812,WEDNESDAY,9394 WEST PALM BEACH,0694,N,MILITARY TRL,GUN CLUB RD,0.057,S,0,0,26.6727829,-80.1122493,93070000,24.15,02027,SR 809,,L LEFT,2 THRU LANE 2,S SOUTH,30 URBAN 6+LN 2WY DIVD RASD,05 LOCAL,01 NON-JUNCTION,01 ON ROADWAY,01 NOT AT INTERSECTION,01 PAVED,32,"May 1, 2017",14 URBAN PRIN ART OTHER,33,CURB&GUTTER,2,CURB&GUTTER,2,,0,15,42000,RCI,6.1,,40,1 NO INJURY,31 Q/C COMPLETED - LOC VERIFIED,0 NO,01 NOT AT INTERSECTION/RRX/BRIDGE,01 DAYLIGHT,01 CLEAR,01 DRY,01 LEVEL,1 STRAIGHT,"TWO-WAY, NOT DIVIDED","TWO-WAY, NOT DIVIDED",NO CONTROLS,NO CONTROLS,6,NONE,NOT CODED,NOT CODED,NONE,NOT CODED,NOT CODED,14 MOTOR VEHICLE IN TRANSPORT,01 FRONT TO REAR,01 STRAIGHT AHEAD,NO CONTRIBUTING ACTION,NO CONTRIBUTING ACTION,00 NOT CODED,00 NOT CODED,00 NOT CODED,00 NOT CODED,01 NO,0,0,0,0,2,0,2,3,N,N,N,N,N,N,N,N,N,N,N,N,N,N,N,N,N,N,N,N,N,N,N,N,N,N,26.672805789,-80.112359009,588323.043352,2950503.446096,L,,ARBM15Q1R2,"February 28, 2022",1590151,-8918067.309514577,3082652.9043621025
2018815133330,2018,815133330,18116701,CITY POLICE DEPARTMENT,04 FOURTH,PALM BEACH,"September 3, 2018",1410,TUESDAY,9394 WEST PALM BEACH,0694,N,SUMMIT BLVD,PENNSYLVANIA AVE,0.076,W,0,0,26.666287,-80.083588,93000137,1.364,,,,L LEFT,2 THRU LANE 2,W WEST,,04 COUNTY,01 NON-JUNCTION,01 ON ROADWAY,01 NOT AT INTERSECTION,02 UNPAVED,0,"December 31, 2000",,,,0,,0,,0,,,RCI,0,,,1 NO INJURY,33 Q/C VERIFIED AS OFF-SYSTEM,0 NO,01 NOT AT INTERSECTION/RRX/BRIDGE,01 DAYLIGHT,01 CLEAR,01 DRY,01 LEVEL,1 STRAIGHT,"TWO-WAY, NOT DIVIDED","TWO-WAY, NOT DIVIDED",NO CONTROLS,NO CONTROLS,,NONE,NOT CODED,NOT CODED,NONE,NOT CODED,NOT CODED,15 PARKED MOTOR VEHICLE,01 FRONT TO REAR,01 STRAIGHT AHEAD,NOT CODED,NO CONTRIBUTING ACTION,00 NOT CODED,00 NOT CODED,00 NOT CODED,00 NOT CODED,01 NO,0,0,0,0,2,0,2,2,N,N,N,N,Y,N,N,N,N,N,N,N,N,N,N,N,N,N,N,N,N,N,N,N,N,N,26.666285475,-80.083588047,591191.173336,2949801.474005,C,U,ARBM15Q1R2,"February 28, 2022",1605052,-8914864.539802484,3081840.6506335894
2018855980330,2018,855980330,FHPL18OFF043862,FLORIDA HIGHWAY PATROL,04 FOURTH,PALM BEACH,"May 24, 2018",1150,FRIDAY,9394 WEST PALM BEACH,0694,Y,I 95,AUSTRALIAN AVE S,0.189,S,26.6934566,-80.067596,26.7009683,-80.0720622,93220000,26.782,01228,SR 9,I 95,R RIGHT,5 THRU LANE 5,N NORTH,01 INTERSTATE URBAN,01 INTERSTATE,01 NON-JUNCTION,01 ON ROADWAY,01 NOT AT INTERSECTION,01 PAVED,33,"May 15, 2017",11 URBAN PRIN ART INT.,64,PAVED,10,LAWN,3,,0,32,247000,RCI,7.4,,65,1 NO INJURY,31 Q/C COMPLETED - LOC VERIFIED,0 NO,01 NOT AT INTERSECTION/RRX/BRIDGE,01 DAYLIGHT,03 RAIN,02 WET,04 DOWNHILL,1 STRAIGHT,"TWO-WAY, DIVIDED, POSITIVE MED","TWO-WAY, DIVIDED, POSITIVE MED",NO CONTROLS,NO CONTROLS,10,NONE,NOT CODED,NOT CODED,NONE,NOT CODED,NOT CODED,14 MOTOR VEHICLE IN TRANSPORT,01 FRONT TO REAR,01 STRAIGHT AHEAD,OTHER CONTRIBUTING ACTION,OPERATED MV IN CARLESS OR NEGL,00 NOT CODED,00 NOT CODED,00 NOT CODED,00 NOT CODED,01 NO,0,0,0,0,3,0,3,4,N,N,N,N,N,N,N,N,N,N,N,N,N,N,N,N,N,N,N,N,N,N,N,N,N,N,26.700804987,-80.07198342,592318.185375,2953633.300553,R,,ARBM15Q1R2,"February 28, 2022",1862483,-8913572.718293564,3086141.371518468
2018853024090,2018,853024090,FHPL18OFF085318,FLORIDA HIGHWAY PATROL,04 FOURTH,PALM BEACH,"October 12, 2018",0157,SATURDAY,9394 WEST PALM BEACH,0694,Y,SR 9,SR 882,0.35,S,26.6474257,-80.0684392,26.6502697,-80.0683219,93220000,23.158,02260,SR 9,I 95,L LEFT,3 THRU LANE 3,S SOUTH,01 INTERSTATE URBAN,01 INTERSTATE,01 NON-JUNCTION,01 ON ROADWAY,01 NOT AT INTERSECTION,01 PAVED,32,"May 15, 2017",11 URBAN PRIN ART INT.,64,PAVED WARN,10,,0,,0,32,233000,RCI,7.4,,65,2 POSSIBLE INJURY,31 Q/C COMPLETED - LOC VERIFIED,0 NO,01 NOT AT INTERSECTION/RRX/BRIDGE,04 DARK-LIGHTED,02 CLOUDY,02 WET,01 LEVEL,2 CURVE RIGHT,"TWO-WAY, DIVIDED, POSITIVE MED","TWO-WAY, DIVIDED, POSITIVE MED",NO CONTROLS,NO CONTROLS,11,NONE,NOT CODED,NOT CODED,NONE,NOT CODED,NOT CODED,14 MOTOR VEHICLE IN TRANSPORT,77 OTHER (SEE NARRATIVE),14 SLOWING,OPERATED MV IN CARLESS OR NEGL,NO CONTRIBUTING ACTION,00 NOT CODED,00 NOT CODED,00 NOT CODED,00 NOT CODED,01 NO,3,0,0,0,2,0,2,3,N,N,Y,N,N,Y,N,N,N,N,N,Y,N,N,N,N,N,N,N,N,N,N,N,N,N,N,26.649942848,-80.06859601,592696.296866,2948002.119069,L,,ARBM15Q1R2,"February 28, 2022",1863080,-8913195.633304784,3079805.007561623
2018854029050,2018,854029050,FHPK18OFF019005,FLORIDA HIGHWAY PATROL,08 TURNPIKE,PALM BEACH,"March 14, 2018",1717,THURSDAY,9394 WEST PALM BEACH,0694,N,SR 91,SR 704,0.038,S,26.7125368,-80.1380357,26.7069622,-80.1416899,93470000,26.765,05290,SR 91,,L LEFT,1 THRU LANE 1,S SOUTH,03 TOLL ROAD URBAN,06 TURNPIKE/TOLL,01 NON-JUNCTION,01 ON ROADWAY,01 NOT AT INTERSECTION,01 PAVED,36,"June 14, 2016",12 URBAN PRIN ART EXPR.,36,PAVED WARN,10,LAWN,12,,0,20,70700,RCI,12.1,0D4000,70,1 NO INJURY,31 Q/C COMPLETED - LOC VERIFIED,0 NO,01 NOT AT INTERSECTION/RRX/BRIDGE,01 DAYLIGHT,01 CLEAR,01 DRY,01 LEVEL,1 STRAIGHT,"TWO-WAY, DIVIDED, POSITIVE MED","TWO-WAY, DIVIDED, POSITIVE MED",NO CONTROLS,NO CONTROLS,5,NONE,NOT CODED,NOT CODED,NONE,NOT CODED,NOT CODED,14 MOTOR VEHICLE IN TRANSPORT,01 FRONT TO REAR,14 SLOWING,OPERATED MV IN CARLESS OR NEGL,NO CONTRIBUTING ACTION,00 NOT CODED,00 NOT CODED,00 NOT CODED,00 NOT CODED,01 NO,0,0,0,0,2,0,2,4,N,N,N,N,N,N,N,N,N,N,N,N,N,N,N,N,N,N,N,N,N,N,N,N,N,N,26.706770879,-80.142066601,585341.606396,2954245.264924,L,,ARBM15Q1R2,"February 28, 2022",1863565,-8921374.344637863,3086884.782439926
2018838120500,2018,838120500,FHPL18OFF103115,FLORIDA HIGHWAY PATROL,04 FOURTH,PALM BEACH,"December 11, 2018",1716,WEDNESDAY,9394 WEST PALM BEACH,0694,N,SR 9,OKEECHOBEE BLVD,0.2,N,26.7589399,-80.0913,26.7089639,-80.0776668,93220000,27.433,01182,SR 9,I 95,R RIGHT,1 THRU LANE 1,N NORTH,01 INTERSTATE URBAN,01 INTERSTATE,01 NON-JUNCTION,01 ON ROADWAY,01 NOT AT INTERSECTION,01 PAVED,33,"May 15, 2017",11 URBAN PRIN ART INT.,78,PAVED WARN,10,LAWN,12,,0,32,214308,RCI,6.5,,65,1 NO INJURY,31 Q/C COMPLETED - LOC VERIFIED,0 NO,01 NOT AT INTERSECTION/RRX/BRIDGE,01 DAYLIGHT,01 CLEAR,01 DRY,01 LEVEL,1 STRAIGHT,"TWO-WAY, DIVIDED, POSITIVE MED","TWO-WAY, DIVIDED, POSITIVE MED",NO CONTROLS,NO CONTROLS,11,NONE,NOT CODED,NOT CODED,NONE,NOT CODED,NOT CODED,14 MOTOR VEHICLE IN TRANSPORT,"04 SIDESWIPE, SAME DIRECTION",06 CHANGING LANES,IMPROPER TURN,NO CONTRIBUTING ACTION,00 NOT CODED,00 NOT CODED,00 NOT CODED,00 NOT CODED,01 NO,0,0,0,0,2,0,2,3,N,N,N,N,Y,N,N,N,N,N,Y,N,N,N,N,N,N,N,N,N,N,Y,N,Y,N,Y,26.708817783,-80.077569897,591755.997326,2954516.790467,R,,ARBM15Q1R2,"February 28, 2022",1866098,-8914194.60239591,3087139.8568994133
2018838121210,2018,838121210,FHPL18OFF001185,FLORIDA HIGHWAY PATROL,04 FOURTH,PALM BEACH,"January 3, 2018",1740,THURSDAY,9394 WEST PALM BEACH,0694,N,I 95,45TH ST,1,S,26.7476884,-80.0905659,26.7417939,-80.090434,93220000,30.035,01220,SR 9,I 95,L LEFT,4 THRU LANE 4,S SOUTH,01 INTERSTATE URBAN,01 INTERSTATE,01 NON-JUNCTION,01 ON ROADWAY,01 NOT AT INTERSECTION,01 PAVED,34,"May 15, 2017",11 URBAN PRIN ART INT.,78,PAVED WARN,11,LAWN,12,,0,32,210000,RCI,7.4,,65,1 NO INJURY,31 Q/C COMPLETED - LOC VERIFIED,0 NO,01 NOT AT INTERSECTION/RRX/BRIDGE,02 DUSK,01 CLEAR,01 DRY,01 LEVEL,1 STRAIGHT,"TWO-WAY, DIVIDED, POSITIVE MED","TWO-WAY, DIVIDED, POSITIVE MED",NO CONTROLS,NO CONTROLS,11,NONE,NOT CODED,NOT CODED,NONE,NOT CODED,NOT CODED,14 MOTOR VEHICLE IN TRANSPORT,"04 SIDESWIPE, SAME DIRECTION",16 LEAVING TRAFFIC LANE,NOT CODED,NO CONTRIBUTING ACTION,00 NOT CODED,00 NOT CODED,00 NOT CODED,00 NOT CODED,01 NO,0,0,0,0,1,0,2,1,N,N,N,N,Y,N,N,N,N,N,N,N,N,N,N,N,N,N,N,N,N,N,N,N,N,N,26.74159644,-80.09076262,590417.711083,2958138.032077,L,,ARBM15Q1R2,"February 28, 2022",1866099,-8915663.210031833,3091225.181883181
2018871199980,2018,871199980,FHPL18OFF003161,FLORIDA HIGHWAY PATROL,04 FOURTH,PALM BEACH,"January 10, 2018",1239,THURSDAY,9394 WEST PALM BEACH,0694,Y,I 95,NORTHLAKE BLVD,0.25,N,26.8148138,-80.098284,26.8128124,-80.097916,93220000,35.017,01209,SR 9,I 95,L LEFT,5 THRU LANE 5,S SOUTH,01 INTERSTATE URBAN,01 INTERSTATE,01 NON-JUNCTION,01 ON ROADWAY,01 NOT AT INTERSECTION,01 PAVED,34,"May 15, 2017",11 URBAN PRIN ART INT.,64,PAVED WARN,10,,0,,0,32,177500,RCI,7.4,,65,2 POSSIBLE INJURY,31 Q/C COMPLETED - LOC VERIFIED,0 NO,01 NOT AT INTERSECTION/RRX/BRIDGE,01 DAYLIGHT,01 CLEAR,01 DRY,01 LEVEL,1 STRAIGHT,"TWO-WAY, DIVIDED, POSITIVE MED","TWO-WAY, DIVIDED, POSITIVE MED",NO CONTROLS,NO CONTROLS,10,NONE,NOT CODED,NOT CODED,NONE,NOT CODED,NOT CODED,14 MOTOR VEHICLE IN TRANSPORT,"04 SIDESWIPE, SAME DIRECTION",06 CHANGING LANES,OTHER CONTRIBUTING ACTION,SWERVED OR AVOIDED:  DUE TO WI,00 NOT CODED,00 NOT CODED,00 NOT CODED,00 NOT CODED,01 NO,1,0,0,0,2,0,2,2,N,N,N,N,Y,N,N,N,N,N,N,N,N,N,N,N,N,N,N,N,N,N,N,N,N,N,26.812645265,-80.098233922,589618.896438,2966002.393672,L,,ARBM15Q1R2,"February 28, 2022",1867867,-8916494.912088107,3100084.305040322
2018871121300,2018,871121300,FHPL18OFF028433,FLORIDA HIGHWAY PATROL,04 FOURTH,PALM BEACH,"April 6, 2018",0645,SATURDAY,9394 WEST PALM BEACH,0694,Y,I 95,45TH ST,0.5,N,26.7589399,-80.0913,26.7636763,-80.092826,93220000,31.571,01191,SR 9,I 95,R RIGHT,3 THRU LANE 3,N NORTH,01 INTERSTATE URBAN,01 INTERSTATE,01 NON-JUNCTION,01 ON ROADWAY,01 NOT AT INTERSECTION,01 PAVED,34,"May 15, 2017",11 URBAN PRIN ART INT.,64,PAVED WARN,10,LAWN,12,,0,32,210000,RCI,7.4,,65,1 NO INJURY,31 Q/C COMPLETED - LOC VERIFIED,0 NO,01 NOT AT INTERSECTION/RRX/BRIDGE,01 DAYLIGHT,01 CLEAR,01 DRY,01 LEVEL,1 STRAIGHT,"TWO-WAY, DIVIDED, POSITIVE MED","TWO-WAY, DIVIDED, POSITIVE MED",NO CONTROLS,NO CONTROLS,10,NONE,NOT CODED,NOT CODED,NONE,NOT CODED,NOT CODED,14 MOTOR VEHICLE IN TRANSPORT,01 FRONT TO REAR,01 STRAIGHT AHEAD,FOLLOWED TOO CLOSELY,NO CONTRIBUTING ACTION,00 NOT CODED,00 NOT CODED,00 NOT CODED,00 NOT CODED,01 NO,0,0,0,0,2,0,2,2,N,N,N,N,N,N,N,N,N,N,N,N,N,N,N,N,N,N,N,N,Y,N,N,N,N,N,26.763547008,-80.092778674,590199.886873,2960567.926658,R,,ARBM15Q1R2,"February 28, 2022",1868305,-8915887.636321235,3093961.620541209
2018856092270,2018,856092270,FHPL18OFF039889,FLORIDA HIGHWAY PATROL,04 FOURTH,PALM BEACH,"May 12, 2018",1250,SUNDAY,9394 WEST PALM BEACH,0694,N,I 95,OKEECHOBEE BLVD,0.281,S,26.7053292,-80.0767894,26.7058384,-80.0774279,93220148,0.281,04905,SR 9,I 95,L LEFT,X RAMP,S SOUTH,07 RAMP URBAN,01 INTERSTATE,14 ENTRANCE/EXIT RAMP,01 ON ROADWAY,01 NOT AT INTERSECTION,01 PAVED,0,"December 31, 2000",,15,PAVED,6,,0,,0,,11500,RCI,3.9,,,1 NO INJURY,31 Q/C COMPLETED - LOC VERIFIED,0 NO,07 ENTRANCE RAMP,01 DAYLIGHT,03 RAIN,02 WET,04 DOWNHILL,3 CURVE LEFT,ONE-WAY TRAFFICWAY,,NO CONTROLS,NOT CODED,1,"RD SURFC (WET, ICY, SNOW, ETC)",NOT CODED,NOT CODED,WEATHER CONDITIONS,NOT CODED,NOT CODED,30 CONCRETE TRAFFIC BARRIER,77 OTHER (SEE NARRATIVE),15 NEGOTIATING A CURVE,RAN OFF ROADWAY,NOT CODED,00 NOT CODED,00 NOT CODED,00 NOT CODED,00 NOT CODED,01 NO,0,0,0,0,1,0,1,1,N,N,N,N,Y,N,N,N,N,N,N,N,N,N,N,N,N,N,N,N,N,N,N,N,N,N,26.705831326,-80.077425391,591772.766493,2954186.104827,O,,ARBM15Q1R2,"February 28, 2022",1868456,-8914178.515942141,3086767.702096224
2018856092170,2018,856092170,FHPL18OFF004644,FLORIDA HIGHWAY PATROL,04 FOURTH,PALM BEACH,"January 14, 2018",1810,MONDAY,9394 WEST PALM BEACH,0694,N,I 95,SOUTHERN BLVD,0.25,N,26.6767039,-80.0698158,26.679278,-80.0694727,93220000,25.174,04919,SR 9,I 95,L LEFT,3 THRU LANE 3,S SOUTH,01 INTERSTATE URBAN,01 INTERSTATE,01 NON-JUNCTION,01 ON ROADWAY,01 NOT AT INTERSECTION,01 PAVED,33,"May 15, 2017",11 URBAN PRIN ART INT.,64,PAVED WARN,11,VALLEY GUTR,3,LAWN,12,32,194000,RCI,7.4,,65,2 POSSIBLE INJURY,31 Q/C COMPLETED - LOC VERIFIED,0 NO,01 NOT AT INTERSECTION/RRX/BRIDGE,04 DARK-LIGHTED,03 RAIN,02 WET,01 LEVEL,1 STRAIGHT,"TWO-WAY, DIVIDED, POSITIVE MED","TWO-WAY, DIVIDED, POSITIVE MED",NO CONTROLS,NO CONTROLS,10,NONE,NOT CODED,NOT CODED,NONE,NOT CODED,NOT CODED,14 MOTOR VEHICLE IN TRANSPORT,01 FRONT TO REAR,88 UNKNOWN,OPERATED MV IN CARLESS OR NEGL,NO CONTRIBUTING ACTION,00 NOT CODED,00 NOT CODED,00 NOT CODED,00 NOT CODED,01 NO,1,0,0,0,3,0,3,5,N,N,N,N,N,N,N,N,N,N,N,N,N,N,N,N,N,N,N,N,N,N,N,N,N,N,26.678961941,-80.069808829,592552.166963,2951215.473287,L,,ARBM15Q1R2,"February 28, 2022",1868528,-8913330.6438667,3083419.836368293
2018855954320,2018,855954320,FHPL18OFF013855,FLORIDA HIGHWAY PATROL,04 FOURTH,PALM BEACH,"February 16, 2018",0625,SATURDAY,9394 WEST PALM BEACH,0694,N,I 95,PALM BEACH LAKES BLVD,1,N,26.7145261,-80.0840499,26.73104,-80.091024,93220000,29.294,01187,SR 9,I 95,L LEFT,S SIDE OF ROAD,S SOUTH,01 INTERSTATE URBAN,01 INTERSTATE,01 NON-JUNCTION,02 OFF ROADWAY,01 NOT AT INTERSECTION,01 PAVED,33,"May 15, 2017",11 URBAN PRIN ART INT.,78,PAVED WARN,11,LAWN,12,,0,32,210000,RCI,7.4,,65,1 NO INJURY,31 Q/C COMPLETED - LOC VERIFIED,0 NO,01 NOT AT INTERSECTION/RRX/BRIDGE,01 DAYLIGHT,01 CLEAR,01 DRY,01 LEVEL,3 CURVE LEFT,"TWO-WAY, DIVIDED, POSITIVE MED",,NO CONTROLS,NOT CODED,11,NONE,NOT CODED,NOT CODED,NONE,NOT CODED,NOT CODED,27 GUARDRAIL FACE,77 OTHER (SEE NARRATIVE),16 LEAVING TRAFFIC LANE,FAILED TO KEEP IN PROPER LANE,NOT CODED,00 NOT CODED,00 NOT CODED,00 NOT CODED,00 NOT CODED,01 NO,0,0,0,0,1,0,1,1,N,N,N,N,Y,N,N,N,N,N,N,N,N,N,N,N,N,N,N,N,N,N,N,N,N,N,26.730835689,-80.091337745,590369.020382,2956945.726236,L,,ARBM15Q1R2,"February 28, 2022",1869474,-8915727.232687514,3089883.8999373866
2018854631140,2018,854631140,FHPL18OFF000757,FLORIDA HIGHWAY PATROL,04 FOURTH,PALM BEACH,"January 2, 2018",1017,WEDNESDAY,9394 WEST PALM BEACH,0694,Y,I 95,OKEECHOBEE BLVD,0.057,N,26.7105594,-80.0795488,26.7065749,-80.0758811,93220000,27.235,02712,SR 9,I 95,L LEFT,S SIDE OF ROAD,S SOUTH,01 INTERSTATE URBAN,01 INTERSTATE,01 NON-JUNCTION,02 OFF ROADWAY,01 NOT AT INTERSECTION,01 PAVED,33,"May 15, 2017",11 URBAN PRIN ART INT.,78,PAVED,7,LAWN,0,,0,32,214308,RCI,6.5,,65,1 NO INJURY,31 Q/C COMPLETED - LOC VERIFIED,0 NO,01 NOT AT INTERSECTION/RRX/BRIDGE,01 DAYLIGHT,03 RAIN,02 WET,01 LEVEL,1 STRAIGHT,"TWO-WAY, DIVIDED, POSITIVE MED",,NO CONTROLS,NOT CODED,10,"RD SURFC (WET, ICY, SNOW, ETC)",NOT CODED,NOT CODED,WEATHER CONDITIONS,NOT CODED,NOT CODED,34 TRAFFIC SIGN SUPPORT,77 OTHER (SEE NARRATIVE),01 STRAIGHT AHEAD,NO CONTRIBUTING ACTION,NOT CODED,00 NOT CODED,00 NOT CODED,00 NOT CODED,00 NOT CODED,01 NO,0,0,0,0,1,0,1,1,N,N,N,N,Y,N,N,N,N,N,N,N,N,N,N,N,N,N,N,N,N,N,N,N,N,N,26.706389349,-80.076085789,591905.581819,2954248.878399,L,,ARBM15Q1R2,"February 28, 2022",1869588,-8914029.392174317,3086837.2389398916
2018856042190,2018,856042190,FHPL18OFF003478,FLORIDA HIGHWAY PATROL,04 FOURTH,PALM BEACH,"January 11, 2018",0912,FRIDAY,9394 WEST PALM BEACH,0694,N,I 95,45TH ST,0.5,S,26.7464726,-80.090238,26.7490502,-80.0900358,93220000,30.535,01188,SR 9,I 95,R RIGHT,1 THRU LANE 1,N NORTH,01 INTERSTATE URBAN,01 INTERSTATE,01 NON-JUNCTION,01 ON ROADWAY,01 NOT AT INTERSECTION,01 PAVED,34,"May 15, 2017",11 URBAN PRIN ART INT.,64,PAVED,11,LAWN,12,,0,32,210000,RCI,7.4,,65,1 NO INJURY,31 Q/C COMPLETED - LOC VERIFIED,0 NO,01 NOT AT INTERSECTION/RRX/BRIDGE,01 DAYLIGHT,01 CLEAR,01 DRY,01 LEVEL,1 STRAIGHT,"TWO-WAY, DIVIDED, POSITIVE MED","TWO-WAY, DIVIDED, POSITIVE MED",NO CONTROLS,NO CONTROLS,10,NONE,NOT CODED,NOT CODED,NONE,NOT CODED,NOT CODED,14 MOTOR VEHICLE IN TRANSPORT,01 FRONT TO REAR,14 SLOWING,OPERATED MV IN CARLESS OR NEGL,NO CONTRIBUTING ACTION,00 NOT CODED,00 NOT CODED,00 NOT CODED,00 NOT CODED,01 NO,0,0,0,0,3,0,3,3,N,N,N,N,N,N,N,N,N,N,N,N,N,N,N,N,N,N,N,N,N,N,N,N,N,N,26.748900699,-80.09007107,590480.701897,2958947.569208,R,,ARBM15Q1R2,"February 28, 2022",1870025,-8915586.227133002,3092135.6989782318
2018856042280,2018,856042280,FHPL18OFF009201,FLORIDA HIGHWAY PATROL,04 FOURTH,PALM BEACH,"January 31, 2018",0744,THURSDAY,9394 WEST PALM BEACH,0694,N,I 95,OKEECHOBEE BLVD,0.1,N,26.7090039,-80.0776705,26.7077454,-80.0767848,93220000,27.333,06136,SR 9,I 95,R RIGHT,S SIDE OF ROAD,N NORTH,01 INTERSTATE URBAN,01 INTERSTATE,01 NON-JUNCTION,03 SHOULDER,01 NOT AT INTERSECTION,01 PAVED,33,"May 15, 2017",11 URBAN PRIN ART INT.,78,PAVED,8,VALLEY GUTR,3,,0,32,214308,RCI,6.5,,65,1 NO INJURY,31 Q/C COMPLETED - LOC VERIFIED,0 NO,01 NOT AT INTERSECTION/RRX/BRIDGE,01 DAYLIGHT,01 CLEAR,01 DRY,01 LEVEL,1 STRAIGHT,"TWO-WAY, DIVIDED, POSITIVE MED",,NO CONTROLS,NOT CODED,11,NONE,NOT CODED,NOT CODED,NONE,NOT CODED,NOT CODED,30 CONCRETE TRAFFIC BARRIER,77 OTHER (SEE NARRATIVE),01 STRAIGHT AHEAD,NO CONTRIBUTING ACTION,NOT CODED,00 NOT CODED,00 NOT CODED,00 NOT CODED,00 NOT CODED,01 NO,0,0,0,0,1,0,1,1,N,N,N,N,Y,N,N,N,N,N,N,N,N,N,N,N,N,N,N,N,N,Y,Y,N,N,N,26.707618765,-80.076652783,591848.191307,2954384.643857,R,,ARBM15Q1R2,"February 28, 2022",1870027,-8914092.509636192,3086990.4411694827