Crash Id,Calendar Year,FDOT Crash Number,Reporting Agency Case Number,Reporting Agency Type,FDOT Managing District,County Name,Crash Date,Crash Time,Day,DHSMV City,Crash Report City Code,In Town,On Roadway Name,Int Roadway Name,Reference Distance (Miles),Reference Direction,Officer Latitude,Officer Longitude,FDOT Latitude,FDOT Longitude,FDOT Roadway,Nearest Inventory MP,Nearest Node From Crash,State Road #,US Highway,Crash Side of Road,Accident Lane Number,Travel Direction Vehicle 1,FDOT Road Category,DHSMV Road System Id,Relation to Junction,Crash Harmful Event Location,Intersection Type,Shoulder Type,FDOT Roadway SKID Test Result,FDOT Roadway SKID Test Date,Functional Class,RCI Surface Width,RCI Shoulder Type First,RCI Shoulder Width First,RCI Shoulder Type Second,RCI Shoulder Width Second,RCI Shoulder Type Third,RCI Shoulder Width Third,RCI Median Width,Avg Daily Traffic,AADT Source,RCI Avg Per Truck Traffic,RCI Horiz Curve Condition,Posted Speed Limit,Highest Injury in Crash,CAR Status Code,Alcohols/Drug Involved,Site Location,Lighting,Weather,Road Surface,Roadway Grade,Roadway Alignment,Traffic Way Vehicle 1,Traffic Way Vehicle 2,Traffic Control Vehicle 1,Traffic Control Vehicle 2,Count of Lanes,Road Condition 1,Road Condition 2,Road Condition 3,Environment Condition 1,Environment Condition 2,Environment Condition 3,Crash Harmful Event,Manner of Collision,Vehicle Movement,Driver Action Vehicle 1,Driver Action Vehicle 2,Location Within Workzone,Type of Workzone,Workers Present in Workzone,Law Enforcement Present in Workzone,School Bus Related,Count of Nonfatal Injuries,Count of Traffic Fatalities,Count of Serious Injuries,Count of Pedestrians,Count of Drivers,Count of Bicyclists,Count of Vehicles,Count of Persons,Wrong Way,Workzone Inv,Commercial Vehicle Inv,Intersection Inv,Lane Departure,Speeding,Agressive Driving,Impaired Driver,Impaired Pedestrian,Impaired Bicyclist,Distracted Driver,Speeding or Aggressive Driving,Pedestrian Related,Bicyclist Related,Pedestrian or Bicyclist Related,Motorcycle Inv,No Belt,No Belt - Ages 1-4,No Belt - Ages 5-12,No Belt - Ages 13-17,Driver - Ages Teen,Driver - Ages 65 plus,Driver - Ages 65-69,Driver - Ages 70-74,Driver - Ages 75-79,Driver - Ages 80 plus,ARBM Latitude,ARBM Longitude,UTM Zone 17N X,UTM Zone 17N Y,ARBM Side of Road,Urban Rural Indicator,GIS Street Source,Extract Date,OBJECTID,x,y
2018877859120,2018,877859120,20180003075,COUNTY SHERIFF'S OFFICE,04 FOURTH,PALM BEACH,"February 19, 2018",1629,TUESDAY,9394 WEST PALM BEACH,0694,Y,PALM BEACH LAKES BLVD,OKEECHOBEE BLVD,0.002,N,0,0,26.7066804,-80.1002534,93280000,6.21,03983,SR 704,,T SIDE RD LEFT,L LEFT TURN,S SOUTH,30 URBAN 6+LN 2WY DIVD RASD,05 LOCAL,01 NON-JUNCTION,01 ON ROADWAY,01 NOT AT INTERSECTION,03 CURB,34,"May 2, 2017",14 URBAN PRIN ART OTHER,33,PAVED,3,CURB&GUTTER,2,,0,30,68500,RCI,2.3,,45,1 NO INJURY,31 Q/C COMPLETED - LOC VERIFIED,0 NO,03 INFLUENCED BY INTERSECTION,01 DAYLIGHT,01 CLEAR,01 DRY,01 LEVEL,1 STRAIGHT,"TWO-WAY, DIVIDED, POSITIVE MED","TWO-WAY, DIVIDED, POSITIVE MED",NO CONTROLS,NO CONTROLS,7,NONE,NOT CODED,NOT CODED,NONE,NOT CODED,NOT CODED,14 MOTOR VEHICLE IN TRANSPORT,03 ANGLE,06 CHANGING LANES,FAILED TO YIELD RIGHT-OF-WAY,NO CONTRIBUTING ACTION,00 NOT CODED,00 NOT CODED,00 NOT CODED,00 NOT CODED,01 NO,0,0,0,0,3,0,3,5,N,N,N,Y,N,N,N,N,N,N,N,N,N,N,N,N,N,N,N,N,N,N,N,N,N,N,26.70681873,-80.100106552,589515.68154,2954279.344219,L,,ARBM15Q1R2,"February 28, 2022",1926557,-8916703.372100355,3086890.745410273
2018877859140,2018,877859140,20180003082,COUNTY SHERIFF'S OFFICE,04 FOURTH,PALM BEACH,"February 19, 2018",1649,TUESDAY,9394 WEST PALM BEACH,0694,Y,N AUSTRALIAN AVE,42ND ST,0.019,N,0,0,26.74955,-80.071768,93025501,1.78,,,,R RIGHT,1 THRU LANE 1,N NORTH,,04 COUNTY,01 NON-JUNCTION,01 ON ROADWAY,01 NOT AT INTERSECTION,03 CURB,0,"December 31, 2000",,,,0,,0,,0,,,RCI,0,,,1 NO INJURY,33 Q/C VERIFIED AS OFF-SYSTEM,0 NO,01 NOT AT INTERSECTION/RRX/BRIDGE,01 DAYLIGHT,02 CLOUDY,01 DRY,01 LEVEL,1 STRAIGHT,"TWO-WAY, DIVIDED, POSITIVE MED","TWO-WAY, DIVIDED, POSITIVE MED",NO CONTROLS,NO CONTROLS,,NONE,NOT CODED,NOT CODED,NONE,NOT CODED,NOT CODED,14 MOTOR VEHICLE IN TRANSPORT,01 FRONT TO REAR,01 STRAIGHT AHEAD,OPERATED MV IN CARLESS OR NEGL,NO CONTRIBUTING ACTION,00 NOT CODED,00 NOT CODED,00 NOT CODED,00 NOT CODED,01 NO,0,0,0,0,3,0,3,3,N,N,Y,N,N,N,N,N,N,N,N,N,N,N,N,N,N,N,N,N,N,N,N,N,N,N,26.749547642,-80.071772875,592299.793433,2959032.365432,R,U,ARBM15Q1R2,"February 28, 2022",1926558,-8913549.280771552,3092216.3469106993
2018877861240,2018,877861240,20180003718,COUNTY SHERIFF'S OFFICE,04 FOURTH,PALM BEACH,"February 28, 2018",1601,THURSDAY,9394 WEST PALM BEACH,0694,Y,PALM BEACH LAKES BLVD,N ROBBINS DR,0.038,N,0,0,26.716467,-80.091663,93014500,0.877,,,,R RIGHT,1 THRU LANE 1,E EAST,,05 LOCAL,01 NON-JUNCTION,01 ON ROADWAY,01 NOT AT INTERSECTION,03 CURB,0,"December 31, 2000",,,,0,,0,,0,,,RCI,0,,,1 NO INJURY,33 Q/C VERIFIED AS OFF-SYSTEM,0 NO,01 NOT AT INTERSECTION/RRX/BRIDGE,01 DAYLIGHT,02 CLOUDY,01 DRY,01 LEVEL,1 STRAIGHT,"TWO-WAY, DIVIDED, POSITIVE MED","TWO-WAY, DIVIDED, POSITIVE MED",NO CONTROLS,NO CONTROLS,,NONE,NOT CODED,NOT CODED,NONE,NOT CODED,NOT CODED,14 MOTOR VEHICLE IN TRANSPORT,01 FRONT TO REAR,01 STRAIGHT AHEAD,OPERATED MV IN CARLESS OR NEGL,NO CONTRIBUTING ACTION,00 NOT CODED,00 NOT CODED,00 NOT CODED,00 NOT CODED,01 NO,0,0,0,0,2,0,2,3,N,N,N,N,N,N,N,N,N,N,N,N,N,N,N,N,N,N,N,N,N,N,N,N,N,N,26.716466291,-80.091662041,590348.114258,2955353.895366,R,U,ARBM15Q1R2,"February 28, 2022",1926559,-8915763.333121974,3088093.0133580146
2018877861250,2018,877861250,20180003720,COUNTY SHERIFF'S OFFICE,04 FOURTH,PALM BEACH,"February 28, 2018",1646,THURSDAY,9394 WEST PALM BEACH,0694,Y,N TAMARIND AVE,23RD ST,0.009,N,0,0,26.734949,-80.061021,93027502,0.711,,,,R RIGHT,S SIDE OF ROAD,N NORTH,,05 LOCAL,01 NON-JUNCTION,01 ON ROADWAY,01 NOT AT INTERSECTION,03 CURB,0,"December 31, 2000",,,,0,,0,,0,,,RCI,0,,,2 POSSIBLE INJURY,33 Q/C VERIFIED AS OFF-SYSTEM,0 NO,01 NOT AT INTERSECTION/RRX/BRIDGE,01 DAYLIGHT,02 CLOUDY,01 DRY,01 LEVEL,1 STRAIGHT,"TWO-WAY, NOT DIVIDED",,NO CONTROLS,NOT CODED,,"RUT, HOLES, BUMPS",NOT CODED,NOT CODED,NONE,NOT CODED,NOT CODED,01 OVERTURN/ROLLOVER,03 ANGLE,01 STRAIGHT AHEAD,OTHER CONTRIBUTING ACTION,NOT CODED,00 NOT CODED,00 NOT CODED,00 NOT CODED,00 NOT CODED,01 NO,1,0,0,0,1,0,1,1,N,N,N,N,Y,N,N,N,N,N,N,N,N,N,N,Y,N,N,N,N,N,N,N,N,N,N,26.734949538,-80.061016257,593381.377573,2957423.265535,C,U,ARBM15Q1R2,"February 28, 2022",1926560,-8912351.85907865,3090396.658755125
2018877876790,2018,877876790,20180008596,COUNTY SHERIFF'S OFFICE,04 FOURTH,PALM BEACH,"May 19, 2018",1634,SUNDAY,9394 WEST PALM BEACH,0694,Y,VILLAGE BLVD,CUMBERLAND DR,0,N,0,0,26.745615,-80.090929,93577000,3.163,,,,I INTERSECTION,M MIDDLE,0,,05 LOCAL,02 INTERSECTION,01 ON ROADWAY,03 T-INTERSECTION,03 CURB,0,"December 31, 2000",,,,0,,0,,0,,,RCI,0,,,2 POSSIBLE INJURY,33 Q/C VERIFIED AS OFF-SYSTEM,0 NO,02 AT INTERSECTION,01 DAYLIGHT,01 CLEAR,01 DRY,01 LEVEL,1 STRAIGHT,"TWO-WAY, DIVIDED, POSITIVE MED","TWO-WAY, DIVIDED, POSITIVE MED",NO CONTROLS,NO CONTROLS,,NONE,NOT CODED,NOT CODED,NONE,NOT CODED,NOT CODED,14 MOTOR VEHICLE IN TRANSPORT,03 ANGLE,03 TURNING LEFT,FAILED TO KEEP IN PROPER LANE,NO CONTRIBUTING ACTION,00 NOT CODED,00 NOT CODED,00 NOT CODED,00 NOT CODED,01 NO,1,0,0,0,2,0,2,3,N,N,N,Y,N,N,N,N,N,N,N,N,N,N,N,N,N,N,N,N,N,N,N,N,N,N,26.745615066,-80.090927323,590398.1533,2958583.0323,R,U,ARBM15Q1R2,"February 28, 2022",1927080,-8915681.544718655,3091726.1190133393
2018877872940,2018,877872940,20180007287,COUNTY SHERIFF'S OFFICE,04 FOURTH,PALM BEACH,"April 28, 2018",1810,SUNDAY,9394 WEST PALM BEACH,0694,Y,CELEBRATION BLVD,EATON ST,0,W,0,0,26.726844,-80.140229,93A11120,,,,,I INTERSECTION,M MIDDLE,S SOUTH,,05 LOCAL,01 NON-JUNCTION,01 ON ROADWAY,03 T-INTERSECTION,03 CURB,0,"December 31, 2000",,,,0,,0,,0,,,RCI,0,,,3 NO-INCAPACITATING INJURY,33 Q/C VERIFIED AS OFF-SYSTEM,0 NO,01 NOT AT INTERSECTION/RRX/BRIDGE,01 DAYLIGHT,01 CLEAR,01 DRY,01 LEVEL,1 STRAIGHT,"TWO-WAY, NOT DIVIDED",,NO CONTROLS,NOT CODED,,NONE,NOT CODED,NOT CODED,NONE,NOT CODED,NOT CODED,01 OVERTURN/ROLLOVER,03 ANGLE,05 TURNING RIGHT,OVER-CORRECTING/OVERSTEERING,NOT CODED,00 NOT CODED,00 NOT CODED,00 NOT CODED,00 NOT CODED,01 NO,1,0,0,0,1,0,1,1,N,N,N,N,Y,N,N,N,N,N,N,N,N,N,N,Y,N,N,N,N,N,N,N,N,N,N,26.726845072,-80.140227309,585509.5739,2956469.9603,C,U,ARBM15Q1R2,"February 28, 2022",1927392,-8921169.595678711,3089386.518580723
2018877875200,2018,877875200,20180008034,COUNTY SHERIFF'S OFFICE,04 FOURTH,PALM BEACH,"May 10, 2018",0924,FRIDAY,9394 WEST PALM BEACH,0694,Y,HUNTER ST,PARKER AVE,0,E,0,0,26.657506,-80.063883,93A02783,0,,,,I INTERSECTION,M MIDDLE,W WEST,,05 LOCAL,02 INTERSECTION,01 ON ROADWAY,03 T-INTERSECTION,03 CURB,0,"December 31, 2000",,,,0,,0,,0,,,RCI,0,,,1 NO INJURY,33 Q/C VERIFIED AS OFF-SYSTEM,0 NO,02 AT INTERSECTION,01 DAYLIGHT,01 CLEAR,01 DRY,01 LEVEL,1 STRAIGHT,"TWO-WAY, NOT DIVIDED",NOT CODED,STOP SIGN,NOT CODED,,NONE,NOT CODED,NOT CODED,NONE,NOT CODED,NOT CODED,14 MOTOR VEHICLE IN TRANSPORT,03 ANGLE,05 TURNING RIGHT,FAILED TO YIELD RIGHT-OF-WAY,NOT CODED,00 NOT CODED,00 NOT CODED,00 NOT CODED,00 NOT CODED,01 NO,0,0,0,0,2,0,2,2,N,N,N,Y,N,N,N,N,N,N,N,N,N,N,N,N,N,N,N,N,N,Y,N,N,N,Y,26.657504975,-80.063883033,593159.232823,2948843.149738,C,U,ARBM15Q1R2,"February 28, 2022",1927393,-8912670.987040672,3080746.912390114
2018877875230,2018,877875230,20180008041,COUNTY SHERIFF'S OFFICE,04 FOURTH,PALM BEACH,"May 10, 2018",1155,FRIDAY,9394 WEST PALM BEACH,0694,Y,3RD ST,N ROSEMARY AVE,0.038,E,0,0,26.716168,-80.056321,93A11431,0.346,,,,L LEFT,1 THRU LANE 1,W WEST,,05 LOCAL,01 NON-JUNCTION,01 ON ROADWAY,01 NOT AT INTERSECTION,03 CURB,0,"December 31, 2000",,,,0,,0,,0,,,RCI,0,,,2 POSSIBLE INJURY,33 Q/C VERIFIED AS OFF-SYSTEM,0 NO,01 NOT AT INTERSECTION/RRX/BRIDGE,01 DAYLIGHT,01 CLEAR,01 DRY,01 LEVEL,1 STRAIGHT,"TWO-WAY, DIVIDED, UNPROTECTED","TWO-WAY, DIVIDED, UNPROTECTED",NO CONTROLS,NO CONTROLS,,NONE,NOT CODED,NOT CODED,NONE,NOT CODED,NOT CODED,14 MOTOR VEHICLE IN TRANSPORT,03 ANGLE,10 MAKING U-TURN,OPERATED MV IN CARLESS OR NEGL,NO CONTRIBUTING ACTION,00 NOT CODED,00 NOT CODED,00 NOT CODED,00 NOT CODED,01 NO,2,0,0,0,2,0,2,2,N,N,N,N,N,N,N,N,N,N,N,N,N,N,N,N,Y,N,N,N,N,N,N,N,N,N,26.716167953,-80.056321002,593863.75351,2955346.395468,C,U,ARBM15Q1R2,"February 28, 2022",1927394,-8911829.185473615,3088055.833445174
2018877859470,2018,877859470,20180003174,COUNTY SHERIFF'S OFFICE,04 FOURTH,PALM BEACH,"February 20, 2018",2030,WEDNESDAY,9394 WEST PALM BEACH,0694,Y,BELVEDERE RD,HILLSBORO RD,0.007,W,0,0,26.690591,-80.069901,93503500,2.7,,,,R RIGHT,2 THRU LANE 2,E EAST,,05 LOCAL,01 NON-JUNCTION,01 ON ROADWAY,02 FOUR-WAY INTERSECTION,03 CURB,0,"December 31, 2000",,,,0,,0,,0,,,RCI,0,,,1 NO INJURY,33 Q/C VERIFIED AS OFF-SYSTEM,0 NO,01 NOT AT INTERSECTION/RRX/BRIDGE,04 DARK-LIGHTED,01 CLEAR,01 DRY,01 LEVEL,1 STRAIGHT,"TWO-WAY, DIVIDED, POSITIVE MED","TWO-WAY, DIVIDED, POSITIVE MED",NO CONTROLS,NO CONTROLS,,NONE,NOT CODED,NOT CODED,NONE,NOT CODED,NOT CODED,14 MOTOR VEHICLE IN TRANSPORT,01 FRONT TO REAR,06 CHANGING LANES,IMPROPER PASSING,NO CONTRIBUTING ACTION,00 NOT CODED,00 NOT CODED,00 NOT CODED,00 NOT CODED,01 NO,0,0,0,0,2,0,2,2,N,N,N,N,Y,N,N,N,N,N,N,N,N,N,N,N,N,N,N,N,Y,N,N,N,N,N,26.690588597,-80.069901101,592533.596628,2952503.209954,R,U,ARBM15Q1R2,"February 28, 2022",1927664,-8913340.915600592,3084868.395037826
2018877861440,2018,877861440,20180003793,COUNTY SHERIFF'S OFFICE,04 FOURTH,PALM BEACH,"March 1, 2018",1853,FRIDAY,9394 WEST PALM BEACH,0694,Y,VILLAGE BLVD,BRANDYWINE RD,0,E,0,0,26.731072,-80.09485,93577000,2.082,,,,I INTERSECTION,M MIDDLE,W WEST,,05 LOCAL,02 INTERSECTION,01 ON ROADWAY,03 T-INTERSECTION,03 CURB,0,"December 31, 2000",,,,0,,0,,0,,,RCI,0,,,1 NO INJURY,33 Q/C VERIFIED AS OFF-SYSTEM,0 NO,02 AT INTERSECTION,04 DARK-LIGHTED,01 CLEAR,01 DRY,01 LEVEL,1 STRAIGHT,"TWO-WAY, NOT DIVIDED","TWO-WAY, DIVIDED, POSITIVE MED",STOP SIGN,NO CONTROLS,,NONE,NOT CODED,NOT CODED,NONE,NOT CODED,NOT CODED,14 MOTOR VEHICLE IN TRANSPORT,03 ANGLE,01 STRAIGHT AHEAD,FAILED TO YIELD RIGHT-OF-WAY,NO CONTRIBUTING ACTION,00 NOT CODED,00 NOT CODED,00 NOT CODED,00 NOT CODED,01 NO,0,0,0,0,2,0,2,2,N,N,N,Y,N,N,N,N,N,N,N,N,N,N,N,N,N,N,N,N,N,N,N,N,N,N,26.73107507,-80.094847322,590019.7772,2956969.7554,R,U,ARBM15Q1R2,"February 28, 2022",1927665,-8916117.917139987,3089913.7363051153
2018877861450,2018,877861450,20180003794,COUNTY SHERIFF'S OFFICE,04 FOURTH,PALM BEACH,"March 1, 2018",1910,FRIDAY,9394 WEST PALM BEACH,0694,Y,OKEECHOBEE BLVD,CONGRESS AVE,0.013,E,0,0,26.7062785,-80.0860426,93280000,7.088,01744,SR 704,,R RIGHT,4 THRU LANE 4,N NORTH,30 URBAN 6+LN 2WY DIVD RASD,04 COUNTY,01 NON-JUNCTION,01 ON ROADWAY,01 NOT AT INTERSECTION,03 CURB,34,"May 2, 2017",14 URBAN PRIN ART OTHER,43,PAVED,3,CURB&GUTTER,2,,0,31,45000,RCI,3.9,,45,1 NO INJURY,31 Q/C COMPLETED - LOC VERIFIED,0 NO,04 DRIVEWAY ACCESS,04 DARK-LIGHTED,01 CLEAR,01 DRY,01 LEVEL,1 STRAIGHT,"TWO-WAY, NOT DIVIDED","TWO-WAY, NOT DIVIDED",NO CONTROLS,NO CONTROLS,8,NONE,NOT CODED,NOT CODED,NONE,NOT CODED,NOT CODED,14 MOTOR VEHICLE IN TRANSPORT,"04 SIDESWIPE, SAME DIRECTION",01 STRAIGHT AHEAD,NOT CODED,NO CONTRIBUTING ACTION,00 NOT CODED,00 NOT CODED,00 NOT CODED,00 NOT CODED,01 NO,0,0,0,0,1,0,2,1,N,N,Y,N,Y,N,N,N,N,N,N,N,N,N,N,N,N,N,N,N,N,N,N,N,N,N,26.706239637,-80.086111994,590908.301442,2954225.106234,R,,ARBM15Q1R2,"February 28, 2022",1927666,-8915145.5045303,3086818.5827884153
2018877877230,2018,877877230,20180008790,COUNTY SHERIFF'S OFFICE,04 FOURTH,PALM BEACH,"May 23, 2018",0819,THURSDAY,9394 WEST PALM BEACH,0694,Y,S FLAGLER DR,TRINITY PL,0.009,N,0,0,26.707297,-80.049784,93000045,0.12,,,,L LEFT,2 THRU LANE 2,S SOUTH,,05 LOCAL,01 NON-JUNCTION,01 ON ROADWAY,01 NOT AT INTERSECTION,03 CURB,0,"December 31, 2000",,,,0,,0,,0,,,RCI,0,,,3 NO-INCAPACITATING INJURY,33 Q/C VERIFIED AS OFF-SYSTEM,0 NO,01 NOT AT INTERSECTION/RRX/BRIDGE,01 DAYLIGHT,01 CLEAR,01 DRY,01 LEVEL,3 CURVE LEFT,"TWO-WAY, DIVIDED, POSITIVE MED","TWO-WAY, DIVIDED, POSITIVE MED",NO CONTROLS,NO CONTROLS,,NONE,NOT CODED,NOT CODED,NONE,NOT CODED,NOT CODED,14 MOTOR VEHICLE IN TRANSPORT,03 ANGLE,77 OTHER (SEE NARRATIVE),OTHER CONTRIBUTING ACTION,OTHER CONTRIBUTING ACTION,00 NOT CODED,00 NOT CODED,00 NOT CODED,00 NOT CODED,01 NO,1,0,0,0,2,0,2,2,N,N,N,N,Y,N,N,N,N,N,N,N,N,N,N,N,N,N,N,N,N,N,N,N,N,N,26.707297993,-80.049783287,594521.392709,2954368.757225,L,U,ARBM15Q1R2,"February 28, 2022",1927798,-8911101.410132125,3086950.4684390654
2018877877240,2018,877877240,20180008791,COUNTY SHERIFF'S OFFICE,04 FOURTH,PALM BEACH,"May 23, 2018",0837,THURSDAY,9394 WEST PALM BEACH,0694,Y,GEORGIA AVE,FOREST HILL BLVD,0.014,E,0,0,26.6551487,-80.0592418,93016000,9.029,02428,SR 882,,S SIDE RD RIGHT,L LEFT TURN,N NORTH,21 URBAN 4-5LN 2WY DIVD PAVD,05 LOCAL,01 NON-JUNCTION,01 ON ROADWAY,01 NOT AT INTERSECTION,03 CURB,39,"May 8, 2018",16 URBAN MINOR ART,17,PAVED,1,RAISED CURB,0,,0,11,18300,RCI,3.7,,35,1 NO INJURY,31 Q/C COMPLETED - LOC VERIFIED,0 NO,03 INFLUENCED BY INTERSECTION,01 DAYLIGHT,01 CLEAR,01 DRY,01 LEVEL,1 STRAIGHT,"TWO-WAY, NOT DIVIDED","TWO-WAY, NOT DIVIDED",NO CONTROLS,NO CONTROLS,4,NONE,NOT CODED,NOT CODED,NONE,NOT CODED,NOT CODED,14 MOTOR VEHICLE IN TRANSPORT,03 ANGLE,77 OTHER (SEE NARRATIVE),OTHER CONTRIBUTING ACTION,NO CONTRIBUTING ACTION,00 NOT CODED,00 NOT CODED,00 NOT CODED,00 NOT CODED,01 NO,0,0,0,0,2,0,2,4,N,N,Y,Y,N,N,N,N,N,N,N,N,N,N,N,N,N,N,N,N,N,N,N,N,N,N,26.655161163,-80.059234998,593623.727198,2948586.942109,C,,ARBM15Q1R2,"February 28, 2022",1927799,-8912153.569997704,3080454.9709524023
2018877877220,2018,877877220,20180008789,COUNTY SHERIFF'S OFFICE,04 FOURTH,PALM BEACH,"May 23, 2018",0100,THURSDAY,9394 WEST PALM BEACH,0694,Y,GEORGIA AVE,NOTTINGHAM BLVD,0.057,S,0,0,26.67352,-80.058617,93000044,1.258,,,,L LEFT,1 THRU LANE 1,N NORTH,,05 LOCAL,01 NON-JUNCTION,01 ON ROADWAY,01 NOT AT INTERSECTION,03 CURB,0,"December 31, 2000",,,,0,,0,,0,,,RCI,0,,,1 NO INJURY,33 Q/C VERIFIED AS OFF-SYSTEM,0 NO,01 NOT AT INTERSECTION/RRX/BRIDGE,04 DARK-LIGHTED,02 CLOUDY,02 WET,01 LEVEL,1 STRAIGHT,ONE-WAY TRAFFICWAY,,NO CONTROLS,NOT CODED,,NONE,NOT CODED,NOT CODED,NONE,NOT CODED,NOT CODED,16 WORK ZONE/MAINTENANCE EQUIPMEN,77 OTHER (SEE NARRATIVE),01 STRAIGHT AHEAD,OPERATED MV IN CARLESS OR NEGL,NOT CODED,04 ACTIVITY AREA,01 LANE CLOSURE,01 NO,01 NO,01 NO,0,0,0,0,1,0,1,1,N,Y,N,N,N,N,N,N,N,N,N,N,N,N,N,N,N,N,N,N,N,N,N,N,N,N,26.673520001,-80.058617074,593670.230811,2950620.874087,C,U,ARBM15Q1R2,"February 28, 2022",1928343,-8912084.783006748,3082741.8787631923
2018877874780,2018,877874780,20180007913,COUNTY SHERIFF'S OFFICE,04 FOURTH,PALM BEACH,"May 8, 2018",1113,WEDNESDAY,9394 WEST PALM BEACH,0694,Y,PALM ST,GEORGIA AVE,0.019,W,0,0,26.699378,-80.058374,93A11940,0.103,,,,R RIGHT,P PARKING,E EAST,,05 LOCAL,01 NON-JUNCTION,01 ON ROADWAY,01 NOT AT INTERSECTION,03 CURB,0,"December 31, 2000",,,,0,,0,,0,,,RCI,0,,,1 NO INJURY,33 Q/C VERIFIED AS OFF-SYSTEM,0 NO,01 NOT AT INTERSECTION/RRX/BRIDGE,01 DAYLIGHT,02 CLOUDY,01 DRY,01 LEVEL,1 STRAIGHT,"TWO-WAY, NOT DIVIDED","TWO-WAY, NOT DIVIDED",NO CONTROLS,NO CONTROLS,,NONE,NOT CODED,NOT CODED,NONE,NOT CODED,NOT CODED,15 PARKED MOTOR VEHICLE,"04 SIDESWIPE, SAME DIRECTION",14 SLOWING,OPERATED MV IN CARLESS OR NEGL,NOT CODED,00 NOT CODED,00 NOT CODED,00 NOT CODED,00 NOT CODED,01 NO,0,0,0,0,1,0,2,2,N,N,Y,N,Y,N,N,N,N,N,N,N,N,N,N,N,N,N,N,N,N,N,N,N,N,N,26.699377533,-80.058374023,593673.275149,2953485.117438,C,U,ARBM15Q1R2,"February 28, 2022",1928758,-8912057.72688453,3085963.5017839763
2018877864660,2018,877864660,20180004719,COUNTY SHERIFF'S OFFICE,04 FOURTH,PALM BEACH,"March 17, 2018",0325,SUNDAY,9394 WEST PALM BEACH,0694,Y,BEE LINE HWY,NORTHLAKE BLVD,0.005,S,0,0,26.8105209,-80.1534758,93310000,17.03,04826,SR 710,,L LEFT,L LEFT TURN,N NORTH,23 SUBURBAN 4-5LN 2WY DIVD RASD,05 LOCAL,02 INTERSECTION,01 ON ROADWAY,02 FOUR-WAY INTERSECTION,02 UNPAVED,42,"June 14, 2016",14 URBAN PRIN ART OTHER,23,PAVED,4,LAWN,10,,0,48,28000,RCI,12.7,,55,1 NO INJURY,31 Q/C COMPLETED - LOC VERIFIED,0 NO,03 INFLUENCED BY INTERSECTION,04 DARK-LIGHTED,01 CLEAR,01 DRY,01 LEVEL,1 STRAIGHT,"TWO-WAY, DIVIDED, UNPROTECTED","TWO-WAY, DIVIDED, UNPROTECTED",NO CONTROLS,NO CONTROLS,4,NONE,NOT CODED,NOT CODED,NONE,NOT CODED,NOT CODED,14 MOTOR VEHICLE IN TRANSPORT,01 FRONT TO REAR,01 STRAIGHT AHEAD,OPERATED MV IN CARLESS OR NEGL,NO CONTRIBUTING ACTION,00 NOT CODED,00 NOT CODED,00 NOT CODED,00 NOT CODED,01 NO,0,0,0,0,2,0,2,2,N,N,N,Y,N,N,N,N,N,N,N,N,N,N,N,N,N,N,N,N,N,N,N,N,N,N,26.810856523,-80.153577877,584119.80276,2965766.412187,L,,ARBM15Q1R2,"February 28, 2022",1928800,-8922655.77470102,3099861.197328464
2018877860440,2018,877860440,20180003490,COUNTY SHERIFF'S OFFICE,04 FOURTH,PALM BEACH,"February 25, 2018",1045,MONDAY,9394 WEST PALM BEACH,0694,Y,45TH ST,METROCENTRE BLVD N,0.028,W,0,0,26.759205,-80.097124,93510000,0.706,,,,R RIGHT,2 THRU LANE 2,0,,03 STATE,01 NON-JUNCTION,01 ON ROADWAY,01 NOT AT INTERSECTION,01 PAVED,0,"December 31, 2000",,,,0,,0,,0,,,RCI,0,,,1 NO INJURY,33 Q/C VERIFIED AS OFF-SYSTEM,0 NO,01 NOT AT INTERSECTION/RRX/BRIDGE,01 DAYLIGHT,03 RAIN,02 WET,00 NOT CODED,0 NOT CODED,NOT CODED,"TWO-WAY, DIVIDED, UNPROTECTED",NOT CODED,TRAFFIC CONTROL SIGNAL,,NONE,NOT CODED,NOT CODED,NONE,NOT CODED,NOT CODED,14 MOTOR VEHICLE IN TRANSPORT,01 FRONT TO REAR,00 NOT CODED,NOT CODED,NO CONTRIBUTING ACTION,00 NOT CODED,00 NOT CODED,00 NOT CODED,00 NOT CODED,01 NO,0,0,0,0,2,0,2,2,N,N,N,N,N,N,N,N,N,N,N,N,N,N,N,N,N,N,N,N,Y,N,N,N,N,N,26.759204094,-80.097124047,589771.243074,2960083.815858,R,U,ARBM15Q1R2,"February 28, 2022",1928808,-8916371.361117905,3093420.1748536914