Crash Id,Calendar Year,FDOT Crash Number,Reporting Agency Case Number,Reporting Agency Type,FDOT Managing District,County Name,Crash Date,Crash Time,Day,DHSMV City,Crash Report City Code,In Town,On Roadway Name,Int Roadway Name,Reference Distance (Miles),Reference Direction,Officer Latitude,Officer Longitude,FDOT Latitude,FDOT Longitude,FDOT Roadway,Nearest Inventory MP,Nearest Node From Crash,State Road #,US Highway,Crash Side of Road,Accident Lane Number,Travel Direction Vehicle 1,FDOT Road Category,DHSMV Road System Id,Relation to Junction,Crash Harmful Event Location,Intersection Type,Shoulder Type,FDOT Roadway SKID Test Result,FDOT Roadway SKID Test Date,Functional Class,RCI Surface Width,RCI Shoulder Type First,RCI Shoulder Width First,RCI Shoulder Type Second,RCI Shoulder Width Second,RCI Shoulder Type Third,RCI Shoulder Width Third,RCI Median Width,Avg Daily Traffic,AADT Source,RCI Avg Per Truck Traffic,RCI Horiz Curve Condition,Posted Speed Limit,Highest Injury in Crash,CAR Status Code,Alcohols/Drug Involved,Site Location,Lighting,Weather,Road Surface,Roadway Grade,Roadway Alignment,Traffic Way Vehicle 1,Traffic Way Vehicle 2,Traffic Control Vehicle 1,Traffic Control Vehicle 2,Count of Lanes,Road Condition 1,Road Condition 2,Road Condition 3,Environment Condition 1,Environment Condition 2,Environment Condition 3,Crash Harmful Event,Manner of Collision,Vehicle Movement,Driver Action Vehicle 1,Driver Action Vehicle 2,Location Within Workzone,Type of Workzone,Workers Present in Workzone,Law Enforcement Present in Workzone,School Bus Related,Count of Nonfatal Injuries,Count of Traffic Fatalities,Count of Serious Injuries,Count of Pedestrians,Count of Drivers,Count of Bicyclists,Count of Vehicles,Count of Persons,Wrong Way,Workzone Inv,Commercial Vehicle Inv,Intersection Inv,Lane Departure,Speeding,Agressive Driving,Impaired Driver,Impaired Pedestrian,Impaired Bicyclist,Distracted Driver,Speeding or Aggressive Driving,Pedestrian Related,Bicyclist Related,Pedestrian or Bicyclist Related,Motorcycle Inv,No Belt,No Belt - Ages 1-4,No Belt - Ages 5-12,No Belt - Ages 13-17,Driver - Ages Teen,Driver - Ages 65 plus,Driver - Ages 65-69,Driver - Ages 70-74,Driver - Ages 75-79,Driver - Ages 80 plus,ARBM Latitude,ARBM Longitude,UTM Zone 17N X,UTM Zone 17N Y,ARBM Side of Road,Urban Rural Indicator,GIS Street Source,Extract Date,OBJECTID,x,y
2018879592890,2018,879592890,20180020724,COUNTY SHERIFF'S OFFICE,04 FOURTH,PALM BEACH,"December 12, 2018",2331,THURSDAY,9394 WEST PALM BEACH,0694,Y,N ROSEMARY AVE,7TH ST,0.002,S,0,0,26.719815,-80.056873,93A01630,0.366,,,,L LEFT,S SIDE OF ROAD,N NORTH,,05 LOCAL,01 NON-JUNCTION,02 OFF ROADWAY,01 NOT AT INTERSECTION,03 CURB,0,"December 31, 2000",,,,0,,0,,0,,,RCI,0,,,1 NO INJURY,33 Q/C VERIFIED AS OFF-SYSTEM,0 NO,01 NOT AT INTERSECTION/RRX/BRIDGE,04 DARK-LIGHTED,01 CLEAR,01 DRY,01 LEVEL,1 STRAIGHT,"TWO-WAY, NOT DIVIDED",,NO CONTROLS,NOT CODED,,NONE,NOT CODED,NOT CODED,NONE,NOT CODED,NOT CODED,33 UTILITY POLE/LIGHT SUPPORT,03 ANGLE,01 STRAIGHT AHEAD,OTHER CONTRIBUTING ACTION,NOT CODED,00 NOT CODED,00 NOT CODED,00 NOT CODED,00 NOT CODED,01 NO,0,0,0,0,1,0,1,2,N,N,N,N,Y,N,N,N,N,N,N,N,N,N,N,N,N,N,N,N,N,N,N,N,N,N,26.719814876,-80.056868318,593806.321516,2955749.939434,C,U,ARBM15Q1R2,"February 28, 2022",2173744,-8911890.112510385,3088510.3340398464
2018879579720,2018,879579720,20180016209,COUNTY SHERIFF'S OFFICE,04 FOURTH,PALM BEACH,"September 30, 2018",1534,MONDAY,9394 WEST PALM BEACH,0694,Y,ELIZABETH AVE,WILKINS AVE,0.009,E,0,0,26.696862,-80.066233,93A11934,0.009,,,,L LEFT,1 THRU LANE 1,W WEST,,05 LOCAL,02 INTERSECTION,01 ON ROADWAY,03 T-INTERSECTION,02 UNPAVED,0,"December 31, 2000",,,,0,,0,,0,,,RCI,0,,,2 POSSIBLE INJURY,33 Q/C VERIFIED AS OFF-SYSTEM,0 NO,02 AT INTERSECTION,01 DAYLIGHT,02 CLOUDY,01 DRY,01 LEVEL,1 STRAIGHT,"TWO-WAY, DIVIDED, UNPROTECTED","TWO-WAY, DIVIDED, UNPROTECTED",NO CONTROLS,NO CONTROLS,,NONE,NOT CODED,NOT CODED,NONE,NOT CODED,NOT CODED,14 MOTOR VEHICLE IN TRANSPORT,01 FRONT TO REAR,01 STRAIGHT AHEAD,OPERATED MV IN CARLESS OR NEGL,NO CONTRIBUTING ACTION,00 NOT CODED,00 NOT CODED,00 NOT CODED,00 NOT CODED,01 NO,1,0,0,0,2,0,2,2,N,N,N,Y,N,N,N,N,N,N,N,N,N,N,N,N,N,N,N,N,N,N,N,N,N,N,26.696861914,-80.066232901,592893.469995,2953200.729433,C,U,ARBM15Q1R2,"February 28, 2022",2173759,-8912932.573330985,3085650.045434448
2018879565310,2018,879565310,20180011542,COUNTY SHERIFF'S OFFICE,04 FOURTH,PALM BEACH,"July 9, 2018",1150,TUESDAY,9394 WEST PALM BEACH,0694,Y,3RD ST,W RAILROAD AVE,0.008,E,0,0,26.716141,-80.055624,93A11431,0.389,,,,L LEFT,2 THRU LANE 2,W WEST,,05 LOCAL,01 NON-JUNCTION,01 ON ROADWAY,01 NOT AT INTERSECTION,03 CURB,0,"December 31, 2000",,,,0,,0,,0,,,RCI,0,,,1 NO INJURY,33 Q/C VERIFIED AS OFF-SYSTEM,0 NO,01 NOT AT INTERSECTION/RRX/BRIDGE,01 DAYLIGHT,01 CLEAR,01 DRY,01 LEVEL,1 STRAIGHT,"TWO-WAY, NOT DIVIDED","TWO-WAY, NOT DIVIDED",NO CONTROLS,NO CONTROLS,,NONE,NOT CODED,NOT CODED,NONE,NOT CODED,NOT CODED,14 MOTOR VEHICLE IN TRANSPORT,03 ANGLE,06 CHANGING LANES,OPERATED MV IN CARLESS OR NEGL,NO CONTRIBUTING ACTION,00 NOT CODED,00 NOT CODED,00 NOT CODED,00 NOT CODED,01 NO,0,0,0,0,2,0,2,2,N,N,N,N,N,N,N,N,N,N,N,N,N,N,N,N,N,N,N,N,N,N,N,N,N,N,26.716142605,-80.05562396,593933.10984,2955344.101454,C,U,ARBM15Q1R2,"February 28, 2022",2173760,-8911751.591189282,3088052.6744879982
2018814910380,2018,814910380,18049867,COUNTY SHERIFF'S OFFICE,04 FOURTH,PALM BEACH,"March 13, 2018",0800,WEDNESDAY,9394 WEST PALM BEACH,0694,N,SOUTHERN BLVD,CONGRESS AVE,0,,0,0,26.6765835,-80.0790524,93120006,0,04450,SR 80,US 98,L LEFT,X RAMP,W WEST,08 RAMP RURAL,04 COUNTY,14 ENTRANCE/EXIT RAMP,03 SHOULDER,04 Y-INTERSECTION,01 PAVED,0,"December 31, 2000",,15,PAVED,6,,0,,0,,5500,RCI,3.9,,,3 NO-INCAPACITATING INJURY,31 Q/C COMPLETED - LOC VERIFIED,0 NO,08 EXIT RAMP,01 DAYLIGHT,01 CLEAR,01 DRY,01 LEVEL,1 STRAIGHT,"TWO-WAY, DIVIDED, POSITIVE MED",,NO CONTROLS,NOT CODED,1,OTHER (SEE NARRATIVE),NOT CODED,NOT CODED,NONE,NOT CODED,NOT CODED,24 CURB,00 NOT CODED,06 CHANGING LANES,NO CONTRIBUTING ACTION,NOT CODED,00 NOT CODED,00 NOT CODED,00 NOT CODED,00 NOT CODED,01 NO,1,0,0,0,1,0,1,4,N,N,N,N,Y,N,N,N,N,N,N,N,N,N,N,N,N,N,N,N,N,N,N,N,N,N,26.676594471,-80.079054138,591634.1219,2950946.5728,O,,ARBM15Q1R2,"February 28, 2022",2173779,-8914359.827226039,3083124.8926312323
2018875802020,2018,875802020,20180002695,COUNTY SHERIFF'S OFFICE,04 FOURTH,PALM BEACH,"February 13, 2018",1709,WEDNESDAY,9394 WEST PALM BEACH,0694,Y,VILLAGE BLVD,PALM BEACH LAKES BLVD,0.091,N,0,0,26.712523,-80.097244,93577000,0.474,,,,R RIGHT,2 THRU LANE 2,W WEST,,05 LOCAL,01 NON-JUNCTION,01 ON ROADWAY,01 NOT AT INTERSECTION,03 CURB,0,"December 31, 2000",,,,0,,0,,0,,,RCI,0,,,1 NO INJURY,33 Q/C VERIFIED AS OFF-SYSTEM,0 NO,01 NOT AT INTERSECTION/RRX/BRIDGE,01 DAYLIGHT,01 CLEAR,01 DRY,01 LEVEL,1 STRAIGHT,"TWO-WAY, NOT DIVIDED","TWO-WAY, NOT DIVIDED",NO CONTROLS,NO CONTROLS,,NONE,NOT CODED,NOT CODED,NONE,NOT CODED,NOT CODED,14 MOTOR VEHICLE IN TRANSPORT,03 ANGLE,03 TURNING LEFT,FAILED TO YIELD RIGHT-OF-WAY,NO CONTRIBUTING ACTION,00 NOT CODED,00 NOT CODED,00 NOT CODED,00 NOT CODED,01 NO,0,0,0,0,2,0,2,2,N,N,N,N,N,N,N,N,N,N,Y,N,N,N,N,N,N,N,N,N,N,Y,Y,N,N,N,26.71252471,-80.097242516,589796.115605,2954913.369596,C,U,ARBM15Q1R2,"February 28, 2022",2174154,-8916384.548913304,3087601.805732
2018872921200,2018,872921200,FHPL18OFF073954,FLORIDA HIGHWAY PATROL,04 FOURTH,PALM BEACH,"September 3, 2018",0730,TUESDAY,9394 WEST PALM BEACH,0694,Y,I 95,PALM BEACH LAKES BLVD,0.3,S,26.71955,-80.08983,26.7142138,-80.0837216,93220000,27.954,01223,SR 9,I 95,R RIGHT,4 THRU LANE 4,N NORTH,01 INTERSTATE URBAN,01 INTERSTATE,01 NON-JUNCTION,01 ON ROADWAY,01 NOT AT INTERSECTION,01 PAVED,33,"May 15, 2017",11 URBAN PRIN ART INT.,64,PAVED,11,,0,,0,32,214308,RCI,6.5,,65,3 NO-INCAPACITATING INJURY,31 Q/C COMPLETED - LOC VERIFIED,0 NO,01 NOT AT INTERSECTION/RRX/BRIDGE,01 DAYLIGHT,03 RAIN,02 WET,01 LEVEL,1 STRAIGHT,"TWO-WAY, DIVIDED, POSITIVE MED","TWO-WAY, DIVIDED, POSITIVE MED",NO CONTROLS,NO CONTROLS,10,"RD SURFC (WET, ICY, SNOW, ETC)",NOT CODED,NOT CODED,WEATHER CONDITIONS,NOT CODED,NOT CODED,14 MOTOR VEHICLE IN TRANSPORT,01 FRONT TO REAR,88 UNKNOWN,OTHER CONTRIBUTING ACTION,SWERVED OR AVOIDED:  DUE TO WI,00 NOT CODED,00 NOT CODED,00 NOT CODED,00 NOT CODED,01 NO,2,0,0,0,3,0,3,3,N,N,N,N,Y,N,N,N,N,N,N,N,N,N,N,N,N,N,N,N,N,N,N,N,N,N,26.714109509,-80.08355202,591156.698385,2955098.62646,R,,ARBM15Q1R2,"February 28, 2022",2174295,-8914860.529420517,3087799.304624412
2018879569950,2018,879569950,20180012081,COUNTY SHERIFF'S OFFICE,04 FOURTH,PALM BEACH,"August 4, 2018",1902,SUNDAY,9394 WEST PALM BEACH,0694,Y,45TH ST,MILITARY TRL N,0.009,W,0,0,26.7596758,-80.10846,93150000,5.651,01688,SR 809,,T SIDE RD LEFT,3 THRU LANE 3,S SOUTH,30 URBAN 6+LN 2WY DIVD RASD,05 LOCAL,01 NON-JUNCTION,01 ON ROADWAY,02 FOUR-WAY INTERSECTION,03 CURB,36,"May 2, 2017",14 URBAN PRIN ART OTHER,36,PAVED,4,CURB&GUTTER,2,,0,30,34500,RCI,4.1,,45,1 NO INJURY,31 Q/C COMPLETED - LOC VERIFIED,0 NO,03 INFLUENCED BY INTERSECTION,01 DAYLIGHT,01 CLEAR,01 DRY,01 LEVEL,1 STRAIGHT,"TWO-WAY, DIVIDED, POSITIVE MED","TWO-WAY, DIVIDED, POSITIVE MED",UNKNOWN,UNKNOWN,6,NONE,NOT CODED,NOT CODED,NONE,NOT CODED,NOT CODED,14 MOTOR VEHICLE IN TRANSPORT,77 OTHER (SEE NARRATIVE),05 TURNING RIGHT,FAILED TO YIELD RIGHT-OF-WAY,NO CONTRIBUTING ACTION,00 NOT CODED,00 NOT CODED,00 NOT CODED,00 NOT CODED,01 NO,0,0,0,0,2,0,2,3,N,N,N,Y,N,N,N,N,N,N,N,N,N,N,N,N,N,N,N,N,N,N,N,N,N,N,26.75972888,-80.108633959,588626.371555,2960133.874101,L,,ARBM15Q1R2,"February 28, 2022",2174311,-8917652.638982287,3093485.6004947214
2018879563990,2018,879563990,20180011088,COUNTY SHERIFF'S OFFICE,04 FOURTH,PALM BEACH,"July 1, 2018",0827,MONDAY,9394 WEST PALM BEACH,0694,Y,NORTHPOINT PKY,NORTHPOINT BLVD,0.03,E,0,0,26.760763,-80.095688,93A31993,0.284,,,,L LEFT,1 THRU LANE 1,W WEST,,05 LOCAL,03 INTERSECTION-RELATED,01 ON ROADWAY,01 NOT AT INTERSECTION,03 CURB,0,"December 31, 2000",,,,0,,0,,0,,,RCI,0,,,1 NO INJURY,33 Q/C VERIFIED AS OFF-SYSTEM,0 NO,03 INFLUENCED BY INTERSECTION,01 DAYLIGHT,01 CLEAR,01 DRY,01 LEVEL,1 STRAIGHT,"TWO-WAY, DIVIDED, POSITIVE MED","TWO-WAY, DIVIDED, POSITIVE MED",NO CONTROLS,NO CONTROLS,,NONE,NOT CODED,NOT CODED,NONE,NOT CODED,NOT CODED,14 MOTOR VEHICLE IN TRANSPORT,03 ANGLE,03 TURNING LEFT,FAILED TO YIELD RIGHT-OF-WAY,NO CONTRIBUTING ACTION,00 NOT CODED,00 NOT CODED,00 NOT CODED,00 NOT CODED,01 NO,0,0,0,0,2,0,2,2,N,N,N,Y,N,N,N,N,N,N,N,N,N,N,N,N,N,N,N,N,N,N,N,N,N,N,26.760763553,-80.09568797,589912.808972,2960257.561376,L,U,ARBM15Q1R2,"February 28, 2022",2174314,-8916211.497708343,3093614.5954908286
2018879565040,2018,879565040,20180011423,COUNTY SHERIFF'S OFFICE,04 FOURTH,PALM BEACH,"July 6, 2018",2152,SATURDAY,9394 WEST PALM BEACH,0694,Y,HAVERHILL RD N,47TH PL N,0.095,N,0,0,26.748589,-80.117791,93000004,2.866,,,,R RIGHT,1 THRU LANE 1,N NORTH,,04 COUNTY,01 NON-JUNCTION,01 ON ROADWAY,01 NOT AT INTERSECTION,03 CURB,0,"December 31, 2000",,,,0,,0,,0,,,RCI,0,,,2 POSSIBLE INJURY,33 Q/C VERIFIED AS OFF-SYSTEM,0 NO,01 NOT AT INTERSECTION/RRX/BRIDGE,02 DUSK,01 CLEAR,01 DRY,01 LEVEL,1 STRAIGHT,"TWO-WAY, NOT DIVIDED","TWO-WAY, NOT DIVIDED",NO CONTROLS,NO CONTROLS,,NONE,NOT CODED,NOT CODED,NONE,NOT CODED,NOT CODED,14 MOTOR VEHICLE IN TRANSPORT,01 FRONT TO REAR,01 STRAIGHT AHEAD,FOLLOWED TOO CLOSELY,NO CONTRIBUTING ACTION,00 NOT CODED,00 NOT CODED,00 NOT CODED,00 NOT CODED,01 NO,1,0,0,0,2,0,2,3,N,N,N,N,N,N,N,N,N,N,Y,N,N,N,N,N,N,N,N,N,N,N,N,N,N,N,26.748589019,-80.117791734,587724.345955,2958893.641344,C,U,ARBM15Q1R2,"February 28, 2022",2174317,-8918672.078148298,3092096.8449940737
2018875795580,2018,875795580,20180000515,COUNTY SHERIFF'S OFFICE,04 FOURTH,PALM BEACH,"January 8, 2018",1221,TUESDAY,9394 WEST PALM BEACH,0694,Y,DIXIE HWY S,WILDER ST,0,,0,0,26.6516022,-80.0561166,93050000,4.171,00092,SR 805,US 1,R RIGHT,1 THRU LANE 1,W WEST,21 URBAN 4-5LN 2WY DIVD PAVD,02 U.S.,02 INTERSECTION,01 ON ROADWAY,02 FOUR-WAY INTERSECTION,03 CURB,35,"May 1, 2017",16 URBAN MINOR ART,22,CURB&GUTTER,8,CURB&GUTTER,2,,0,12,21500,RCI,2.6,,35,1 NO INJURY,31 Q/C COMPLETED - LOC VERIFIED,0 NO,02 AT INTERSECTION,01 DAYLIGHT,03 RAIN,02 WET,01 LEVEL,1 STRAIGHT,"TWO-WAY, NOT DIVIDED","TWO-WAY, NOT DIVIDED",STOP SIGN,NO CONTROLS,4,NONE,NOT CODED,NOT CODED,NONE,NOT CODED,NOT CODED,14 MOTOR VEHICLE IN TRANSPORT,03 ANGLE,03 TURNING LEFT,FAILED TO YIELD RIGHT-OF-WAY,NO CONTRIBUTING ACTION,00 NOT CODED,00 NOT CODED,00 NOT CODED,00 NOT CODED,01 NO,0,0,0,0,2,0,2,3,N,N,N,Y,N,N,N,N,N,N,N,N,N,N,N,N,N,N,N,N,Y,Y,N,N,Y,N,26.65156198,-80.056123216,593936.370926,2948190.571709,C,,ARBM15Q1R2,"February 28, 2022",2174529,-8911807.167917363,3080006.6741992417
2018875802770,2018,875802770,20180002923,COUNTY SHERIFF'S OFFICE,04 FOURTH,PALM BEACH,"February 17, 2018",1037,SUNDAY,9394 WEST PALM BEACH,0694,Y,OKEECHOBEE BLVD,I 95,0.019,W,0,0,26.7060475,-80.0769604,93280000,7.649,04643,SR 704,,R RIGHT,4 THRU LANE 4,E EAST,30 URBAN 6+LN 2WY DIVD RASD,04 COUNTY,01 NON-JUNCTION,01 ON ROADWAY,01 NOT AT INTERSECTION,03 CURB,32,"May 2, 2017",14 URBAN PRIN ART OTHER,34,PAVED,4,CURB&GUTTER,2,,0,21,61000,RCI,5.8,,45,1 NO INJURY,31 Q/C COMPLETED - LOC VERIFIED,0 NO,01 NOT AT INTERSECTION/RRX/BRIDGE,01 DAYLIGHT,01 CLEAR,01 DRY,03 UPHILL,1 STRAIGHT,"TWO-WAY, DIVIDED, POSITIVE MED","TWO-WAY, DIVIDED, POSITIVE MED",NO CONTROLS,NO CONTROLS,7,NONE,NOT CODED,NOT CODED,NONE,NOT CODED,NOT CODED,14 MOTOR VEHICLE IN TRANSPORT,01 FRONT TO REAR,01 STRAIGHT AHEAD,OPERATED MV IN CARLESS OR NEGL,NO CONTRIBUTING ACTION,00 NOT CODED,00 NOT CODED,00 NOT CODED,00 NOT CODED,01 NO,0,0,0,0,2,0,2,4,N,N,N,N,N,N,N,N,N,N,N,N,N,N,N,N,Y,N,N,N,N,N,N,N,N,N,26.706021785,-80.077016562,591813.283951,2954207.495106,R,,ARBM15Q1R2,"February 28, 2022",2174656,-8914133.005276257,3086791.4357432644
2018879580370,2018,879580370,20180016406,COUNTY SHERIFF'S OFFICE,04 FOURTH,PALM BEACH,"October 3, 2018",1819,THURSDAY,9394 WEST PALM BEACH,0694,Y,DOUGLAS AVE,PALM BEACH LAKES BLVD,0.007,S,0,0,26.724527,-80.060453,93A11174,0.623,,,,R RIGHT,1 THRU LANE 1,0,,05 LOCAL,03 INTERSECTION-RELATED,01 ON ROADWAY,01 NOT AT INTERSECTION,03 CURB,0,"December 31, 2000",,,,0,,0,,0,,,RCI,0,,,1 NO INJURY,33 Q/C VERIFIED AS OFF-SYSTEM,0 NO,03 INFLUENCED BY INTERSECTION,01 DAYLIGHT,02 CLOUDY,01 DRY,00 NOT CODED,0 NOT CODED,NOT CODED,"TWO-WAY, NOT DIVIDED",NOT CODED,STOP SIGN,,NONE,NOT CODED,NOT CODED,NONE,NOT CODED,NOT CODED,14 MOTOR VEHICLE IN TRANSPORT,01 FRONT TO REAR,00 NOT CODED,NOT CODED,NO CONTRIBUTING ACTION,00 NOT CODED,00 NOT CODED,00 NOT CODED,00 NOT CODED,01 NO,0,0,0,0,2,0,2,2,N,N,N,Y,N,N,N,N,N,N,N,N,N,N,N,N,N,N,N,N,N,N,N,N,N,N,26.724526947,-80.060451464,593446.064421,2956269.233137,O,U,ARBM15Q1R2,"February 28, 2022",2174879,-8912288.986664098,3089097.6011448936
2018875801400,2018,875801400,20180002455,COUNTY SHERIFF'S OFFICE,04 FOURTH,PALM BEACH,"February 9, 2018",1342,SATURDAY,9394 WEST PALM BEACH,0694,Y,45TH ST,,0.212,W,0,0,26.75914,-80.095704,93510000,0.794,,,,R RIGHT,S SIDE OF ROAD,E EAST,,04 COUNTY,01 NON-JUNCTION,03 SHOULDER,01 NOT AT INTERSECTION,02 UNPAVED,0,"December 31, 2000",,,,0,,0,,0,,,RCI,0,,,0 UNKNOWN/NOT CODED,33 Q/C VERIFIED AS OFF-SYSTEM,0 NO,01 NOT AT INTERSECTION/RRX/BRIDGE,01 DAYLIGHT,02 CLOUDY,01 DRY,01 LEVEL,1 STRAIGHT,"TWO-WAY, DIVIDED, POSITIVE MED",,NO CONTROLS,NOT CODED,,NONE,NOT CODED,NOT CODED,NONE,NOT CODED,NOT CODED,33 UTILITY POLE/LIGHT SUPPORT,03 ANGLE,01 STRAIGHT AHEAD,NOT CODED,NOT CODED,00 NOT CODED,00 NOT CODED,00 NOT CODED,00 NOT CODED,01 NO,0,0,0,0,1,0,1,1,N,N,N,N,Y,N,N,N,N,N,N,N,N,N,N,N,N,N,N,N,N,N,N,N,N,N,26.759140842,-80.095703947,589912.497703,2960077.812539,R,U,ARBM15Q1R2,"February 28, 2022",2175092,-8916213.27632388,3093412.2890676595
2018879574040,2018,879574040,20180014337,COUNTY SHERIFF'S OFFICE,04 FOURTH,PALM BEACH,"August 28, 2018",1540,WEDNESDAY,9394 WEST PALM BEACH,0694,Y,N TAMARIND AVE,15TH ST,0.019,N,0,0,26.727644,-80.061554,93027502,0.206,,,,L LEFT,1 THRU LANE 1,S SOUTH,,05 LOCAL,03 INTERSECTION-RELATED,01 ON ROADWAY,01 NOT AT INTERSECTION,03 CURB,0,"December 31, 2000",,,,0,,0,,0,,,RCI,0,,,1 NO INJURY,33 Q/C VERIFIED AS OFF-SYSTEM,0 NO,03 INFLUENCED BY INTERSECTION,01 DAYLIGHT,02 CLOUDY,01 DRY,01 LEVEL,1 STRAIGHT,"TWO-WAY, NOT DIVIDED","TWO-WAY, NOT DIVIDED",NO CONTROLS,NO CONTROLS,,NONE,NOT CODED,NOT CODED,NONE,NOT CODED,NOT CODED,14 MOTOR VEHICLE IN TRANSPORT,01 FRONT TO REAR,01 STRAIGHT AHEAD,OPERATED MV IN CARLESS OR NEGL,NO CONTRIBUTING ACTION,00 NOT CODED,00 NOT CODED,00 NOT CODED,00 NOT CODED,01 NO,0,0,0,0,3,0,3,8,N,N,N,Y,N,N,N,N,N,N,N,N,N,N,N,N,N,N,N,N,N,N,N,N,N,N,26.727643347,-80.061549856,593334.271328,2956613.612197,C,U,ARBM15Q1R2,"February 28, 2022",2175449,-8912411.25910185,3089486.0125506367
2018879561160,2018,879561160,20180010120,COUNTY SHERIFF'S OFFICE,04 FOURTH,PALM BEACH,"June 14, 2018",1927,FRIDAY,9394 WEST PALM BEACH,0694,Y,OKEECHOBEE BLVD,CHILLINGWORTH DR S,0.006,E,0,0,26.7062028,-80.0818325,93280000,7.348,01746,SR 704,,R RIGHT,1 THRU LANE 1,E EAST,30 URBAN 6+LN 2WY DIVD RASD,02 U.S.,01 NON-JUNCTION,01 ON ROADWAY,01 NOT AT INTERSECTION,01 PAVED,34,"May 2, 2017",14 URBAN PRIN ART OTHER,43,PAVED,3,CURB&GUTTER,2,,0,19,45000,RCI,3.9,,45,1 NO INJURY,31 Q/C COMPLETED - LOC VERIFIED,0 NO,01 NOT AT INTERSECTION/RRX/BRIDGE,01 DAYLIGHT,03 RAIN,02 WET,01 LEVEL,1 STRAIGHT,"TWO-WAY, NOT DIV, W/CONT LTURN","TWO-WAY, NOT DIV, W/CONT LTURN",NO CONTROLS,NO CONTROLS,8,NONE,NOT CODED,NOT CODED,NONE,NOT CODED,NOT CODED,14 MOTOR VEHICLE IN TRANSPORT,01 FRONT TO REAR,01 STRAIGHT AHEAD,NOT CODED,NO CONTRIBUTING ACTION,00 NOT CODED,00 NOT CODED,00 NOT CODED,00 NOT CODED,01 NO,0,0,0,0,1,0,2,3,N,N,N,N,N,N,N,N,N,N,N,N,N,N,N,N,N,N,N,N,N,N,N,N,N,N,26.706165158,-80.081895564,591327.8084,2954219.870709,R,,ARBM15Q1R2,"February 28, 2022",2175450,-8914676.13357682,3086809.3018522547
2018875794600,2018,875794600,20180000196,COUNTY SHERIFF'S OFFICE,04 FOURTH,PALM BEACH,"January 1, 2018",1430,TUESDAY,9394 WEST PALM BEACH,0694,Y,45TH ST,N CONGRESS AVE,0.009,E,0,0,26.758956,-80.086101,93510000,1.387,,,,L LEFT,1 THRU LANE 1,0,,04 COUNTY,01 NON-JUNCTION,01 ON ROADWAY,01 NOT AT INTERSECTION,03 CURB,0,"December 31, 2000",,,,0,,0,,0,,,RCI,0,,,1 NO INJURY,33 Q/C VERIFIED AS OFF-SYSTEM,0 NO,01 NOT AT INTERSECTION/RRX/BRIDGE,01 DAYLIGHT,03 RAIN,02 WET,00 NOT CODED,0 NOT CODED,NOT CODED,"TWO-WAY, DIVIDED, POSITIVE MED",NOT CODED,NO CONTROLS,,NONE,NOT CODED,NOT CODED,NONE,NOT CODED,NOT CODED,14 MOTOR VEHICLE IN TRANSPORT,03 ANGLE,00 NOT CODED,NOT CODED,NO CONTRIBUTING ACTION,00 NOT CODED,00 NOT CODED,00 NOT CODED,00 NOT CODED,01 NO,0,0,0,0,1,0,2,1,N,N,N,N,N,N,N,N,N,N,N,N,N,N,N,N,N,N,N,N,N,N,N,N,N,N,26.758955063,-80.086101,590867.497144,2960064.056844,L,U,ARBM15Q1R2,"February 28, 2022",2175638,-8915144.280876502,3093389.127875737
2018879589340,2018,879589340,20180019589,COUNTY SHERIFF'S OFFICE,04 FOURTH,PALM BEACH,"November 24, 2018",1141,SUNDAY,9394 WEST PALM BEACH,0694,Y,BELVEDERE RD,N FLORIDA MANGO RD,0.019,E,0,0,26.691082,-80.078594,93503500,2.162,,,,L LEFT,3 THRU LANE 3,W WEST,,04 COUNTY,01 NON-JUNCTION,01 ON ROADWAY,01 NOT AT INTERSECTION,03 CURB,0,"December 31, 2000",,,,0,,0,,0,,,RCI,0,,,1 NO INJURY,33 Q/C VERIFIED AS OFF-SYSTEM,0 NO,01 NOT AT INTERSECTION/RRX/BRIDGE,01 DAYLIGHT,01 CLEAR,01 DRY,01 LEVEL,1 STRAIGHT,"TWO-WAY, DIVIDED, POSITIVE MED","TWO-WAY, DIVIDED, POSITIVE MED",NO CONTROLS,NO CONTROLS,,NONE,NOT CODED,NOT CODED,NONE,NOT CODED,NOT CODED,14 MOTOR VEHICLE IN TRANSPORT,03 ANGLE,06 CHANGING LANES,IMPROPER TURN,NO CONTRIBUTING ACTION,00 NOT CODED,00 NOT CODED,00 NOT CODED,00 NOT CODED,01 NO,0,0,0,0,2,0,2,2,N,N,N,N,N,N,N,N,N,N,N,N,N,N,N,N,N,N,N,N,N,Y,N,N,N,Y,26.691086369,-80.078593845,591668.330425,2952552.067386,L,U,ARBM15Q1R2,"February 28, 2022",2175914,-8914308.587674867,3084930.415458335