Crash Id,Calendar Year,FDOT Crash Number,Reporting Agency Case Number,Reporting Agency Type,FDOT Managing District,County Name,Crash Date,Crash Time,Day,DHSMV City,Crash Report City Code,In Town,On Roadway Name,Int Roadway Name,Reference Distance (Miles),Reference Direction,Officer Latitude,Officer Longitude,FDOT Latitude,FDOT Longitude,FDOT Roadway,Nearest Inventory MP,Nearest Node From Crash,State Road #,US Highway,Crash Side of Road,Accident Lane Number,Travel Direction Vehicle 1,FDOT Road Category,DHSMV Road System Id,Relation to Junction,Crash Harmful Event Location,Intersection Type,Shoulder Type,FDOT Roadway SKID Test Result,FDOT Roadway SKID Test Date,Functional Class,RCI Surface Width,RCI Shoulder Type First,RCI Shoulder Width First,RCI Shoulder Type Second,RCI Shoulder Width Second,RCI Shoulder Type Third,RCI Shoulder Width Third,RCI Median Width,Avg Daily Traffic,AADT Source,RCI Avg Per Truck Traffic,RCI Horiz Curve Condition,Posted Speed Limit,Highest Injury in Crash,CAR Status Code,Alcohols/Drug Involved,Site Location,Lighting,Weather,Road Surface,Roadway Grade,Roadway Alignment,Traffic Way Vehicle 1,Traffic Way Vehicle 2,Traffic Control Vehicle 1,Traffic Control Vehicle 2,Count of Lanes,Road Condition 1,Road Condition 2,Road Condition 3,Environment Condition 1,Environment Condition 2,Environment Condition 3,Crash Harmful Event,Manner of Collision,Vehicle Movement,Driver Action Vehicle 1,Driver Action Vehicle 2,Location Within Workzone,Type of Workzone,Workers Present in Workzone,Law Enforcement Present in Workzone,School Bus Related,Count of Nonfatal Injuries,Count of Traffic Fatalities,Count of Serious Injuries,Count of Pedestrians,Count of Drivers,Count of Bicyclists,Count of Vehicles,Count of Persons,Wrong Way,Workzone Inv,Commercial Vehicle Inv,Intersection Inv,Lane Departure,Speeding,Agressive Driving,Impaired Driver,Impaired Pedestrian,Impaired Bicyclist,Distracted Driver,Speeding or Aggressive Driving,Pedestrian Related,Bicyclist Related,Pedestrian or Bicyclist Related,Motorcycle Inv,No Belt,No Belt - Ages 1-4,No Belt - Ages 5-12,No Belt - Ages 13-17,Driver - Ages Teen,Driver - Ages 65 plus,Driver - Ages 65-69,Driver - Ages 70-74,Driver - Ages 75-79,Driver - Ages 80 plus,ARBM Latitude,ARBM Longitude,UTM Zone 17N X,UTM Zone 17N Y,ARBM Side of Road,Urban Rural Indicator,GIS Street Source,Extract Date,OBJECTID,x,y
2018871624430,2018,871624430,FHPL18OFF022830,FLORIDA HIGHWAY PATROL,04 FOURTH,PALM BEACH,"March 18, 2018",0730,MONDAY,9394 WEST PALM BEACH,0694,N,I 95,FOREST HILL BLVD,0.5,S,26.65531,-80.0693899,26.6481073,-80.0680417,93220000,23.008,04282,SR 9,I 95,R RIGHT,S SIDE OF ROAD,N NORTH,01 INTERSTATE URBAN,01 INTERSTATE,01 NON-JUNCTION,03 SHOULDER,01 NOT AT INTERSECTION,01 PAVED,32,"May 15, 2017",11 URBAN PRIN ART INT.,64,PAVED,10,,0,,0,32,233000,RCI,7.4,,65,2 POSSIBLE INJURY,31 Q/C COMPLETED - LOC VERIFIED,0 NO,01 NOT AT INTERSECTION/RRX/BRIDGE,01 DAYLIGHT,01 CLEAR,01 DRY,01 LEVEL,1 STRAIGHT,"TWO-WAY, DIVIDED, POSITIVE MED",,NO CONTROLS,NOT CODED,11,NONE,NOT CODED,NOT CODED,NONE,NOT CODED,NOT CODED,30 CONCRETE TRAFFIC BARRIER,77 OTHER (SEE NARRATIVE),01 STRAIGHT AHEAD,NO CONTRIBUTING ACTION,NOT CODED,00 NOT CODED,00 NOT CODED,00 NOT CODED,00 NOT CODED,01 NO,4,0,0,0,1,0,1,4,N,N,N,N,Y,N,N,N,N,N,N,N,N,N,N,N,N,N,N,N,N,N,N,N,N,N,26.647849791,-80.06809588,592747.765467,2947770.649885,R,,ARBM15Q1R2,"February 28, 2022",2197684,-8913139.959030984,3079544.316725799
2018871624500,2018,871624500,FHPL18OFF042923,FLORIDA HIGHWAY PATROL,04 FOURTH,PALM BEACH,"May 21, 2018",0958,TUESDAY,9394 WEST PALM BEACH,0694,N,I 95,SOUTHERN BLVD,0.009,S,26.6751483,-80.0687298,26.6757907,-80.0683883,93220154,0.215,04888,SR 9,I 95,R RIGHT,X RAMP,N NORTH,07 RAMP URBAN,01 INTERSTATE,01 NON-JUNCTION,01 ON ROADWAY,01 NOT AT INTERSECTION,01 PAVED,0,"December 31, 2000",,47,CURB&GUTTER,2,VALLEY GUTR,4,,0,,18500,RCI,7.1,,,1 NO INJURY,31 Q/C COMPLETED - LOC VERIFIED,0 NO,08 EXIT RAMP,01 DAYLIGHT,02 CLOUDY,01 DRY,02 HILLCREST,1 STRAIGHT,"TWO-WAY, DIVIDED, POSITIVE MED","TWO-WAY, DIVIDED, POSITIVE MED",TRAFFIC CONTROL SIGNAL,TRAFFIC CONTROL SIGNAL,4,NONE,NOT CODED,NOT CODED,NONE,NOT CODED,NOT CODED,14 MOTOR VEHICLE IN TRANSPORT,01 FRONT TO REAR,01 STRAIGHT AHEAD,OPERATED MV IN CARLESS OR NEGL,NO CONTRIBUTING ACTION,00 NOT CODED,00 NOT CODED,00 NOT CODED,00 NOT CODED,01 NO,0,0,0,0,3,0,3,3,N,N,Y,N,N,N,N,N,N,N,N,N,N,N,N,N,N,N,N,N,N,Y,N,Y,N,N,26.675791105,-80.068388989,592696.00979,2950865.292793,O,,ARBM15Q1R2,"February 28, 2022",2197687,-8913172.587960524,3083024.8092165566
2018871971780,2018,871971780,FHPL18OFF039868,FLORIDA HIGHWAY PATROL,04 FOURTH,PALM BEACH,"May 12, 2018",1230,SUNDAY,9394 WEST PALM BEACH,0694,N,I 95,OKEECHOBEE BLVD,0.076,N,26.702329,-80.0728552,26.7068016,-80.0760562,93220000,27.254,01180,SR 9,I 95,R RIGHT,2 THRU LANE 2,N NORTH,01 INTERSTATE URBAN,01 INTERSTATE,01 NON-JUNCTION,01 ON ROADWAY,01 NOT AT INTERSECTION,01 PAVED,33,"May 15, 2017",11 URBAN PRIN ART INT.,78,PAVED,12,LAWN,0,,0,32,214308,RCI,6.5,,65,3 NO-INCAPACITATING INJURY,31 Q/C COMPLETED - LOC VERIFIED,0 NO,01 NOT AT INTERSECTION/RRX/BRIDGE,01 DAYLIGHT,03 RAIN,02 WET,01 LEVEL,1 STRAIGHT,"TWO-WAY, DIVIDED, POSITIVE MED","TWO-WAY, DIVIDED, POSITIVE MED",NO CONTROLS,NO CONTROLS,10,"RD SURFC (WET, ICY, SNOW, ETC)",NOT CODED,NOT CODED,WEATHER CONDITIONS,NOT CODED,NOT CODED,14 MOTOR VEHICLE IN TRANSPORT,03 ANGLE,77 OTHER (SEE NARRATIVE),DROVE TOO FAST FOR CONDITIONS,NO CONTRIBUTING ACTION,00 NOT CODED,00 NOT CODED,00 NOT CODED,00 NOT CODED,01 NO,1,0,0,0,2,0,2,5,N,N,N,N,N,Y,N,N,N,N,N,Y,N,N,N,N,N,N,N,N,N,N,N,N,N,N,26.706664132,-80.075943796,591919.486528,2954279.416611,R,,ARBM15Q1R2,"February 28, 2022",2197822,-8914013.585632069,3086871.480493585
2018871271420,2018,871271420,FHPL18OFF000987,FLORIDA HIGHWAY PATROL,04 FOURTH,PALM BEACH,"January 3, 2018",0130,THURSDAY,9394 WEST PALM BEACH,0694,N,I 95,OKEECHOBEE BLVD,1,S,26.6992811,-80.0709837,26.6906635,-80.066548,93220000,25.991,05235,SR 9,I 95,L LEFT,S SIDE OF ROAD,S SOUTH,01 INTERSTATE URBAN,01 INTERSTATE,01 NON-JUNCTION,03 SHOULDER,01 NOT AT INTERSECTION,01 PAVED,33,"May 15, 2017",11 URBAN PRIN ART INT.,64,PAVED WARN,10,,0,,0,32,247000,RCI,7.4,3D0000,65,1 NO INJURY,31 Q/C COMPLETED - LOC VERIFIED,0 NO,01 NOT AT INTERSECTION/RRX/BRIDGE,04 DARK-LIGHTED,01 CLEAR,01 DRY,01 LEVEL,1 STRAIGHT,"TWO-WAY, DIVIDED, POSITIVE MED",,TRAFFIC CONTROL SIGNAL,NOT CODED,10,NONE,NOT CODED,NOT CODED,NONE,NOT CODED,NOT CODED,22 BRIDGE RAIL,77 OTHER (SEE NARRATIVE),01 STRAIGHT AHEAD,OPERATED MV IN CARLESS OR NEGL,NOT CODED,00 NOT CODED,00 NOT CODED,00 NOT CODED,00 NOT CODED,01 NO,0,0,0,0,1,0,1,1,N,N,Y,N,Y,N,N,N,N,N,N,N,N,N,N,N,N,N,N,N,N,N,N,N,N,N,26.690386342,-80.066977332,592824.655631,2952482.932118,L,,ARBM15Q1R2,"February 28, 2022",2198198,-8913015.442994384,3084843.1948400615
2018871716210,2018,871716210,FHPL18OFF011771,FLORIDA HIGHWAY PATROL,04 FOURTH,PALM BEACH,"February 9, 2018",0905,SATURDAY,9394 WEST PALM BEACH,0694,N,I 95,SR 882,0.004,S,26.6546475,-80.0687571,26.6552433,-80.0687328,93220050,0.232,03154,SR 9,I 95,R RIGHT,X RAMP,N NORTH,07 RAMP URBAN,01 INTERSTATE,02 INTERSECTION,01 ON ROADWAY,02 FOUR-WAY INTERSECTION,01 PAVED,0,"December 31, 2000",,12,CURB&GUTTER,2,,0,,0,,11500,RCI,3.7,,,2 POSSIBLE INJURY,31 Q/C COMPLETED - LOC VERIFIED,0 NO,08 EXIT RAMP,01 DAYLIGHT,02 CLOUDY,01 DRY,04 DOWNHILL,1 STRAIGHT,ONE-WAY TRAFFICWAY,ONE-WAY TRAFFICWAY,TRAFFIC CONTROL SIGNAL,TRAFFIC CONTROL SIGNAL,1,NONE,NOT CODED,NOT CODED,NONE,NOT CODED,NOT CODED,14 MOTOR VEHICLE IN TRANSPORT,01 FRONT TO REAR,14 SLOWING,OPERATED MV IN CARLESS OR NEGL,NO CONTRIBUTING ACTION,00 NOT CODED,00 NOT CODED,00 NOT CODED,00 NOT CODED,01 NO,2,0,0,0,2,0,2,2,N,N,N,N,N,N,N,N,N,N,N,N,N,N,N,N,N,N,N,N,N,N,N,N,N,N,26.655260088,-80.068743999,592677.273372,2948590.962833,O,,ARBM15Q1R2,"February 28, 2022",2198237,-8913212.107347865,3080467.292716846
2018871763520,2018,871763520,FHPL18OFF057276,FLORIDA HIGHWAY PATROL,04 FOURTH,PALM BEACH,"July 9, 2018",2315,TUESDAY,9394 WEST PALM BEACH,0694,Y,SR 9,PALM BEACH LAKES BLVD,0.5,S,26.714942,-80.085259,26.7123805,-80.081187,93220000,27.754,01224,SR 9,I 95,L LEFT,5 THRU LANE 5,S SOUTH,01 INTERSTATE URBAN,01 INTERSTATE,01 NON-JUNCTION,01 ON ROADWAY,01 NOT AT INTERSECTION,01 PAVED,33,"May 15, 2017",11 URBAN PRIN ART INT.,64,PAVED WARN,11,,0,,0,32,214308,RCI,6.5,0D5000,65,3 NO-INCAPACITATING INJURY,31 Q/C COMPLETED - LOC VERIFIED,0 NO,01 NOT AT INTERSECTION/RRX/BRIDGE,04 DARK-LIGHTED,01 CLEAR,01 DRY,01 LEVEL,1 STRAIGHT,"TWO-WAY, DIVIDED, POSITIVE MED","TWO-WAY, DIVIDED, POSITIVE MED",NO CONTROLS,NO CONTROLS,10,NONE,NOT CODED,NOT CODED,NONE,NOT CODED,NOT CODED,14 MOTOR VEHICLE IN TRANSPORT,"04 SIDESWIPE, SAME DIRECTION",06 CHANGING LANES,FAILED TO KEEP IN PROPER LANE,NO CONTRIBUTING ACTION,00 NOT CODED,00 NOT CODED,00 NOT CODED,00 NOT CODED,01 NO,2,0,0,0,2,0,2,2,N,N,N,N,Y,N,N,N,N,N,N,N,N,N,N,N,N,N,N,N,N,N,N,N,N,N,26.712157275,-80.081436665,591368.676497,2954883.905534,L,,ARBM15Q1R2,"February 28, 2022",2198360,-8914625.049172051,3087556.0161998332
2018871634340,2018,871634340,FHPK18OFF030521,FLORIDA HIGHWAY PATROL,08 TURNPIKE,PALM BEACH,"April 25, 2018",1230,THURSDAY,9394 WEST PALM BEACH,0694,N,SR 91,MILE MARKER #100,0.05,S,26.70904,-80.1399899,26.7064471,-80.1421628,93470000,26.719,05290,SR 91,,R RIGHT,2 THRU LANE 2,N NORTH,03 TOLL ROAD URBAN,06 TURNPIKE/TOLL,01 NON-JUNCTION,01 ON ROADWAY,01 NOT AT INTERSECTION,01 PAVED,36,"June 14, 2016",12 URBAN PRIN ART EXPR.,36,PAVED WARN,10,LAWN,12,,0,20,70700,RCI,12.1,,70,1 NO INJURY,31 Q/C COMPLETED - LOC VERIFIED,0 NO,01 NOT AT INTERSECTION/RRX/BRIDGE,01 DAYLIGHT,01 CLEAR,01 DRY,01 LEVEL,1 STRAIGHT,"TWO-WAY, DIVIDED, POSITIVE MED","TWO-WAY, DIVIDED, POSITIVE MED",TRAFFIC CONTROL SIGNAL,TRAFFIC CONTROL SIGNAL,5,NONE,NOT CODED,NOT CODED,NONE,NOT CODED,NOT CODED,14 MOTOR VEHICLE IN TRANSPORT,"04 SIDESWIPE, SAME DIRECTION",77 OTHER (SEE NARRATIVE),FAILED TO KEEP IN PROPER LANE,NO CONTRIBUTING ACTION,00 NOT CODED,00 NOT CODED,00 NOT CODED,00 NOT CODED,01 NO,0,0,0,0,2,0,2,3,N,N,Y,N,Y,N,N,N,N,N,N,N,N,N,N,N,N,N,N,N,Y,N,N,N,N,N,26.706353623,-80.142267807,585321.901752,2954198.914116,R,,ARBM15Q1R2,"February 28, 2022",2198841,-8921396.742801404,3086832.7868257174
2018871763480,2018,871763480,FHPL18OFF055675,FLORIDA HIGHWAY PATROL,04 FOURTH,PALM BEACH,"July 3, 2018",2134,WEDNESDAY,9394 WEST PALM BEACH,0694,N,SR 9,45TH ST,0.5,S,26.7566163,-80.0905016,26.7490502,-80.0900358,93220000,30.535,01188,SR 9,I 95,M MEDIAN,M MIDDLE,N NORTH,01 INTERSTATE URBAN,01 INTERSTATE,01 NON-JUNCTION,01 ON ROADWAY,01 NOT AT INTERSECTION,01 PAVED,34,"May 15, 2017",11 URBAN PRIN ART INT.,64,PAVED,11,LAWN,12,,0,32,210000,RCI,7.4,,65,2 POSSIBLE INJURY,31 Q/C COMPLETED - LOC VERIFIED,0 NO,01 NOT AT INTERSECTION/RRX/BRIDGE,04 DARK-LIGHTED,03 RAIN,02 WET,01 LEVEL,1 STRAIGHT,"TWO-WAY, DIVIDED, POSITIVE MED",,NO CONTROLS,NOT CODED,10,NONE,NOT CODED,NOT CODED,NONE,NOT CODED,NOT CODED,09 OTHER NON-COLLISION,77 OTHER (SEE NARRATIVE),01 STRAIGHT AHEAD,OPERATED MV IN CARLESS OR NEGL,NOT CODED,00 NOT CODED,00 NOT CODED,00 NOT CODED,00 NOT CODED,01 NO,1,0,0,0,1,0,1,1,N,N,N,N,Y,N,N,N,N,N,N,N,N,N,N,N,N,N,N,N,N,N,N,N,N,N,26.748900699,-80.09007107,590480.701897,2958947.569208,R,,ARBM15Q1R2,"February 28, 2022",2198900,-8915586.227133002,3092135.6989782318
2018871924660,2018,871924660,FHPL18OFF043655,FLORIDA HIGHWAY PATROL,04 FOURTH,PALM BEACH,"May 23, 2018",1800,THURSDAY,9394 WEST PALM BEACH,0694,Y,I 95,FOREST HILL BLVD,0.5,S,26.6474127,-80.0685726,26.6481073,-80.0680417,93220000,23.008,04282,SR 9,I 95,M MEDIAN,M MIDDLE,S SOUTH,01 INTERSTATE URBAN,01 INTERSTATE,01 NON-JUNCTION,01 ON ROADWAY,01 NOT AT INTERSECTION,01 PAVED,32,"May 15, 2017",11 URBAN PRIN ART INT.,64,PAVED,10,,0,,0,32,233000,RCI,7.4,,65,2 POSSIBLE INJURY,31 Q/C COMPLETED - LOC VERIFIED,0 NO,01 NOT AT INTERSECTION/RRX/BRIDGE,01 DAYLIGHT,02 CLOUDY,01 DRY,01 LEVEL,1 STRAIGHT,"TWO-WAY, DIVIDED, POSITIVE MED",,NO CONTROLS,NOT CODED,11,NONE,NOT CODED,NOT CODED,NONE,NOT CODED,NOT CODED,30 CONCRETE TRAFFIC BARRIER,77 OTHER (SEE NARRATIVE),06 CHANGING LANES,OTHER CONTRIBUTING ACTION,NOT CODED,00 NOT CODED,00 NOT CODED,00 NOT CODED,00 NOT CODED,01 NO,2,0,0,0,1,0,1,2,N,N,N,N,Y,N,N,N,N,N,N,N,N,N,N,N,N,N,N,N,Y,N,N,N,N,N,26.647849791,-80.06809588,592747.765467,2947770.649885,R,,ARBM15Q1R2,"February 28, 2022",2198934,-8913139.959030984,3079544.316725799
2018872273450,2018,872273450,FHPK18OFF058949,FLORIDA HIGHWAY PATROL,08 TURNPIKE,PALM BEACH,"August 9, 2018",2217,FRIDAY,9394 WEST PALM BEACH,0694,N,SR 91,MILE MARKER #103,0,,26.7507729,-80.1343873,26.7500269,-80.1343635,93470000,29.82,01452,SR 91,,R RIGHT,2 THRU LANE 2,N NORTH,03 TOLL ROAD URBAN,06 TURNPIKE/TOLL,01 NON-JUNCTION,01 ON ROADWAY,01 NOT AT INTERSECTION,01 PAVED,35,"June 14, 2016",12 URBAN PRIN ART EXPR.,24,PAVED WARN,7,VALLEY GUTR,3.5,,0,20,72300,RCI,14.3,,70,1 NO INJURY,31 Q/C COMPLETED - LOC VERIFIED,0 NO,01 NOT AT INTERSECTION/RRX/BRIDGE,05 DARK-NOT LIGHTED,01 CLEAR,01 DRY,01 LEVEL,1 STRAIGHT,"TWO-WAY, DIVIDED, POSITIVE MED",,NO CONTROLS,NOT CODED,4,NONE,NOT CODED,NOT CODED,NONE,NOT CODED,NOT CODED,18 OTHER NON-FIXED OBJECT,77 OTHER (SEE NARRATIVE),01 STRAIGHT AHEAD,NO CONTRIBUTING ACTION,NOT CODED,00 NOT CODED,00 NOT CODED,00 NOT CODED,00 NOT CODED,01 NO,0,0,0,0,1,0,1,4,N,N,N,N,N,N,N,N,N,N,N,N,N,N,N,N,N,N,N,N,N,N,N,N,N,N,26.749919865,-80.134369383,586074.832191,2959029.731821,R,,ARBM15Q1R2,"February 28, 2022",2199023,-8920517.494134791,3092262.748257314
2018872273480,2018,872273480,FHPK18OFF064551,FLORIDA HIGHWAY PATROL,08 TURNPIKE,PALM BEACH,"August 31, 2018",0435,SATURDAY,9394 WEST PALM BEACH,0694,N,SR 91,BEE LINE HWY,4,S,26.75113,-80.1343099,26.7367794,-80.1349554,93470000,28.907,05006,SR 91,,M MEDIAN,M MIDDLE,N NORTH,03 TOLL ROAD URBAN,06 TURNPIKE/TOLL,01 NON-JUNCTION,02 OFF ROADWAY,01 NOT AT INTERSECTION,01 PAVED,36,"June 14, 2016",12 URBAN PRIN ART EXPR.,24,PAVED WARN,12,LAWN,12,,0,20,72300,RCI,14.3,,70,2 POSSIBLE INJURY,31 Q/C COMPLETED - LOC VERIFIED,0 NO,01 NOT AT INTERSECTION/RRX/BRIDGE,05 DARK-NOT LIGHTED,03 RAIN,02 WET,01 LEVEL,1 STRAIGHT,"TWO-WAY, DIVIDED, POSITIVE MED",,NO CONTROLS,NOT CODED,4,NONE,NOT CODED,NOT CODED,WEATHER CONDITIONS,NOT CODED,NOT CODED,09 OTHER NON-COLLISION,77 OTHER (SEE NARRATIVE),01 STRAIGHT AHEAD,NO CONTRIBUTING ACTION,NOT CODED,00 NOT CODED,00 NOT CODED,00 NOT CODED,00 NOT CODED,01 NO,1,0,0,0,1,0,1,1,N,N,N,N,Y,N,N,N,N,N,N,N,N,N,N,N,N,N,N,N,N,N,N,N,N,N,26.736664762,-80.134960126,586026.063757,2957561.160907,R,,ARBM15Q1R2,"February 28, 2022",2199024,-8920583.255338104,3090610.4531805725
2018871716480,2018,871716480,FHPL18OFF062900,FLORIDA HIGHWAY PATROL,04 FOURTH,PALM BEACH,"July 28, 2018",1630,SUNDAY,9394 WEST PALM BEACH,0694,Y,SR 9,45TH ST,0,,26.7589399,-80.0913,26.7554217,-80.0896999,93220074,0,01188,SR 9,I 95,R RIGHT,X RAMP,N NORTH,07 RAMP URBAN,01 INTERSTATE,14 ENTRANCE/EXIT RAMP,01 ON ROADWAY,03 T-INTERSECTION,01 PAVED,0,"December 31, 2000",,24,PAVED,10,,0,,0,,21000,RCI,3.9,,,1 NO INJURY,31 Q/C COMPLETED - LOC VERIFIED,0 NO,08 EXIT RAMP,01 DAYLIGHT,02 CLOUDY,02 WET,04 DOWNHILL,2 CURVE RIGHT,ONE-WAY TRAFFICWAY,ONE-WAY TRAFFICWAY,TRAFFIC CONTROL SIGNAL,TRAFFIC CONTROL SIGNAL,2,"RD SURFC (WET, ICY, SNOW, ETC)",NOT CODED,NOT CODED,NONE,NOT CODED,NOT CODED,14 MOTOR VEHICLE IN TRANSPORT,01 FRONT TO REAR,01 STRAIGHT AHEAD,OPERATED MV IN CARLESS OR NEGL,NO CONTRIBUTING ACTION,00 NOT CODED,00 NOT CODED,00 NOT CODED,00 NOT CODED,01 NO,0,0,0,0,3,0,3,5,N,N,N,N,N,N,N,N,N,N,N,N,N,N,N,N,N,N,N,N,N,N,N,N,N,N,26.755422746,-80.089711662,590511.2755,2959670.2307,O,,ARBM15Q1R2,"February 28, 2022",2199348,-8915546.217999803,3092948.758417832
2018871585400,2018,871585400,FHPL18OFF018011,FLORIDA HIGHWAY PATROL,04 FOURTH,PALM BEACH,"March 1, 2018",1843,FRIDAY,9394 WEST PALM BEACH,0694,N,I 95,PALM BEACH LAKES BLVD,0.004,N,26.7184432,-80.0903951,26.7185595,-80.0903169,93220069,0.278,04374,SR 9,I 95,L LEFT,X RAMP,S SOUTH,07 RAMP URBAN,01 INTERSTATE,02 INTERSECTION,01 ON ROADWAY,04 Y-INTERSECTION,01 PAVED,0,"December 31, 2000",,24,PAVED,3,LAWN,12,,0,,17500,RCI,3.9,,,2 POSSIBLE INJURY,31 Q/C COMPLETED - LOC VERIFIED,0 NO,08 EXIT RAMP,04 DARK-LIGHTED,01 CLEAR,01 DRY,01 LEVEL,1 STRAIGHT,"TWO-WAY, DIVIDED, POSITIVE MED","TWO-WAY, DIVIDED, POSITIVE MED",NO CONTROLS,NO CONTROLS,2,NONE,NOT CODED,NOT CODED,NONE,NOT CODED,NOT CODED,14 MOTOR VEHICLE IN TRANSPORT,01 FRONT TO REAR,88 UNKNOWN,OTHER CONTRIBUTING ACTION,NO CONTRIBUTING ACTION,00 NOT CODED,00 NOT CODED,00 NOT CODED,00 NOT CODED,01 NO,1,0,0,0,2,0,2,2,N,N,N,N,N,N,N,N,N,N,N,N,N,N,N,N,N,N,N,N,N,N,N,N,N,N,26.718557491,-80.090332683,590478.692405,2955586.466471,O,,ARBM15Q1R2,"February 28, 2022",2199406,-8915615.349691767,3088353.6296809176
2018871813860,2018,871813860,FHPK18OFF041921,FLORIDA HIGHWAY PATROL,08 TURNPIKE,PALM BEACH,"June 6, 2018",1515,THURSDAY,9394 WEST PALM BEACH,0694,N,FL TPK,OKEECHOBEE BLVD,2,N,26.76548,-80.1334899,26.7354594,-80.1350143,93470000,28.816,05005,SR 91,,M MEDIAN,M MIDDLE,S SOUTH,03 TOLL ROAD URBAN,06 TURNPIKE/TOLL,02 INTERSECTION,01 ON ROADWAY,01 NOT AT INTERSECTION,01 PAVED,36,"June 14, 2016",12 URBAN PRIN ART EXPR.,24,PAVED WARN,12,LAWN,12,,0,20,72300,RCI,14.3,,70,1 NO INJURY,31 Q/C COMPLETED - LOC VERIFIED,0 NO,01 NOT AT INTERSECTION/RRX/BRIDGE,01 DAYLIGHT,02 CLOUDY,02 WET,01 LEVEL,1 STRAIGHT,"TWO-WAY, DIVIDED, POSITIVE MED",,NO CONTROLS,NOT CODED,4,NONE,NOT CODED,NOT CODED,NONE,NOT CODED,NOT CODED,30 CONCRETE TRAFFIC BARRIER,77 OTHER (SEE NARRATIVE),01 STRAIGHT AHEAD,NO CONTRIBUTING ACTION,NOT CODED,00 NOT CODED,00 NOT CODED,00 NOT CODED,00 NOT CODED,01 NO,0,0,0,0,1,0,1,1,N,N,Y,N,N,N,N,N,N,N,N,N,N,N,N,N,N,N,N,N,N,N,N,N,N,N,26.735343597,-80.135018302,586021.27195,2957414.78589,R,,ARBM15Q1R2,"February 28, 2022",2199502,-8920589.731602915,3090445.775895108
2018872247160,2018,872247160,FHPL18OFF038794,FLORIDA HIGHWAY PATROL,04 FOURTH,PALM BEACH,"May 9, 2018",0750,THURSDAY,9394 WEST PALM BEACH,0694,N,I 95,PALM BEACH LAKES BLVD,0,,26.7189599,-80.08946,26.7225355,-80.0916379,93220069,0,01221,SR 9,I 95,L LEFT,X RAMP,S SOUTH,07 RAMP URBAN,01 INTERSTATE,01 NON-JUNCTION,01 ON ROADWAY,01 NOT AT INTERSECTION,01 PAVED,0,"December 31, 2000",,24,PAVED,8,,0,,0,,17500,RCI,3.9,,,1 NO INJURY,31 Q/C COMPLETED - LOC VERIFIED,0 NO,08 EXIT RAMP,01 DAYLIGHT,01 CLEAR,01 DRY,01 LEVEL,1 STRAIGHT,"TWO-WAY, DIVIDED, POSITIVE MED","TWO-WAY, DIVIDED, POSITIVE MED",TRAFFIC CONTROL SIGNAL,TRAFFIC CONTROL SIGNAL,2,NONE,NOT CODED,NOT CODED,NONE,NOT CODED,NOT CODED,14 MOTOR VEHICLE IN TRANSPORT,03 ANGLE,06 CHANGING LANES,DISREGARDED OTHER TRAFFIC SIGN,NO CONTRIBUTING ACTION,00 NOT CODED,00 NOT CODED,00 NOT CODED,00 NOT CODED,01 NO,0,0,0,0,3,0,3,3,N,N,N,N,N,N,N,N,N,N,N,N,N,N,N,N,N,N,N,N,N,N,N,N,N,N,26.72253665,-80.091641621,590345.3522,2956026.282,O,,ARBM15Q1R2,"February 28, 2022",2199575,-8915761.060038658,3088849.546674114
2018871026820,2018,871026820,FHPL18OFF013332,FLORIDA HIGHWAY PATROL,04 FOURTH,PALM BEACH,"February 14, 2018",1555,THURSDAY,9394 WEST PALM BEACH,0694,Y,I 95,BELVEDERE RD,0.5,N,26.6906399,-80.06565,26.6871791,-80.0671841,93220158,0.5,01524,SR 9,I 95,R RIGHT,X RAMP,N NORTH,07 RAMP URBAN,01 INTERSTATE,01 NON-JUNCTION,03 SHOULDER,01 NOT AT INTERSECTION,01 PAVED,0,"December 31, 2000",,24,PAVED,3,VALLEY GUTR,2,,0,,10500,RCI,3.9,,,1 NO INJURY,31 Q/C COMPLETED - LOC VERIFIED,0 NO,08 EXIT RAMP,01 DAYLIGHT,01 CLEAR,01 DRY,03 UPHILL,1 STRAIGHT,ONE-WAY TRAFFICWAY,,NO CONTROLS,NOT CODED,2,NONE,NOT CODED,NOT CODED,NONE,NOT CODED,NOT CODED,19 IMPACT ATTENUATOR/CRASH CUSION,77 OTHER (SEE NARRATIVE),01 STRAIGHT AHEAD,RAN OFF ROADWAY,NOT CODED,00 NOT CODED,00 NOT CODED,00 NOT CODED,00 NOT CODED,01 NO,0,0,0,0,1,0,1,1,N,N,N,N,Y,N,N,N,N,N,N,N,N,N,N,N,N,N,N,N,N,N,N,N,N,N,26.68719049,-80.06721102,592803.99378,2952128.779522,O,,ARBM15Q1R2,"February 28, 2022",2199785,-8913041.457025295,3084445.011447876