Crash Id,Calendar Year,FDOT Crash Number,Reporting Agency Case Number,Reporting Agency Type,FDOT Managing District,County Name,Crash Date,Crash Time,Day,DHSMV City,Crash Report City Code,In Town,On Roadway Name,Int Roadway Name,Reference Distance (Miles),Reference Direction,Officer Latitude,Officer Longitude,FDOT Latitude,FDOT Longitude,FDOT Roadway,Nearest Inventory MP,Nearest Node From Crash,State Road #,US Highway,Crash Side of Road,Accident Lane Number,Travel Direction Vehicle 1,FDOT Road Category,DHSMV Road System Id,Relation to Junction,Crash Harmful Event Location,Intersection Type,Shoulder Type,FDOT Roadway SKID Test Result,FDOT Roadway SKID Test Date,Functional Class,RCI Surface Width,RCI Shoulder Type First,RCI Shoulder Width First,RCI Shoulder Type Second,RCI Shoulder Width Second,RCI Shoulder Type Third,RCI Shoulder Width Third,RCI Median Width,Avg Daily Traffic,AADT Source,RCI Avg Per Truck Traffic,RCI Horiz Curve Condition,Posted Speed Limit,Highest Injury in Crash,CAR Status Code,Alcohols/Drug Involved,Site Location,Lighting,Weather,Road Surface,Roadway Grade,Roadway Alignment,Traffic Way Vehicle 1,Traffic Way Vehicle 2,Traffic Control Vehicle 1,Traffic Control Vehicle 2,Count of Lanes,Road Condition 1,Road Condition 2,Road Condition 3,Environment Condition 1,Environment Condition 2,Environment Condition 3,Crash Harmful Event,Manner of Collision,Vehicle Movement,Driver Action Vehicle 1,Driver Action Vehicle 2,Location Within Workzone,Type of Workzone,Workers Present in Workzone,Law Enforcement Present in Workzone,School Bus Related,Count of Nonfatal Injuries,Count of Traffic Fatalities,Count of Serious Injuries,Count of Pedestrians,Count of Drivers,Count of Bicyclists,Count of Vehicles,Count of Persons,Wrong Way,Workzone Inv,Commercial Vehicle Inv,Intersection Inv,Lane Departure,Speeding,Agressive Driving,Impaired Driver,Impaired Pedestrian,Impaired Bicyclist,Distracted Driver,Speeding or Aggressive Driving,Pedestrian Related,Bicyclist Related,Pedestrian or Bicyclist Related,Motorcycle Inv,No Belt,No Belt - Ages 1-4,No Belt - Ages 5-12,No Belt - Ages 13-17,Driver - Ages Teen,Driver - Ages 65 plus,Driver - Ages 65-69,Driver - Ages 70-74,Driver - Ages 75-79,Driver - Ages 80 plus,ARBM Latitude,ARBM Longitude,UTM Zone 17N X,UTM Zone 17N Y,ARBM Side of Road,Urban Rural Indicator,GIS Street Source,Extract Date,OBJECTID,x,y
2018875795470,2018,875795470,20180000483,COUNTY SHERIFF'S OFFICE,04 FOURTH,PALM BEACH,"January 7, 2018",1824,MONDAY,9394 WEST PALM BEACH,0694,Y,NORTHLAKE BLVD,,0.057,W,0,0,26.811502,-80.198312,93680500,0.883,,,,R RIGHT,2 THRU LANE 2,E EAST,,04 COUNTY,01 NON-JUNCTION,01 ON ROADWAY,01 NOT AT INTERSECTION,03 CURB,0,"December 31, 2000",,,,0,,0,,0,,,RCI,0,,,1 NO INJURY,33 Q/C VERIFIED AS OFF-SYSTEM,0 NO,01 NOT AT INTERSECTION/RRX/BRIDGE,02 DUSK,01 CLEAR,01 DRY,01 LEVEL,1 STRAIGHT,"TWO-WAY, DIVIDED, POSITIVE MED","TWO-WAY, DIVIDED, POSITIVE MED",NO CONTROLS,NO CONTROLS,,NONE,NOT CODED,NOT CODED,NONE,NOT CODED,NOT CODED,14 MOTOR VEHICLE IN TRANSPORT,01 FRONT TO REAR,01 STRAIGHT AHEAD,OPERATED MV IN CARLESS OR NEGL,NO CONTRIBUTING ACTION,00 NOT CODED,00 NOT CODED,00 NOT CODED,00 NOT CODED,01 NO,0,0,0,0,2,0,2,2,N,N,N,N,N,N,N,N,N,N,N,N,N,N,N,N,N,N,N,N,N,Y,N,Y,N,N,26.811500394,-80.198312055,579673.366511,2965808.885295,R,U,ARBM15Q1R2,"February 28, 2022",2209196,-8927635.562124,3099941.5060611987
2018875797500,2018,875797500,20180001099,COUNTY SHERIFF'S OFFICE,04 FOURTH,PALM BEACH,"January 18, 2018",0726,FRIDAY,9394 WEST PALM BEACH,0694,Y,PALM BEACH LAKES BLVD,OKEECHOBEE BLVD,0.02,N,0,0,26.7066804,-80.1002534,93280000,6.21,03983,SR 704,,T SIDE RD LEFT,L LEFT TURN,E EAST,30 URBAN 6+LN 2WY DIVD RASD,05 LOCAL,01 NON-JUNCTION,01 ON ROADWAY,01 NOT AT INTERSECTION,03 CURB,34,"May 2, 2017",14 URBAN PRIN ART OTHER,33,PAVED,3,CURB&GUTTER,2,,0,30,68500,RCI,2.3,,45,2 POSSIBLE INJURY,31 Q/C COMPLETED - LOC VERIFIED,0 NO,03 INFLUENCED BY INTERSECTION,01 DAYLIGHT,01 CLEAR,01 DRY,01 LEVEL,1 STRAIGHT,"TWO-WAY, DIVIDED, POSITIVE MED","TWO-WAY, DIVIDED, POSITIVE MED",NO CONTROLS,NO CONTROLS,7,NONE,NOT CODED,NOT CODED,NONE,NOT CODED,NOT CODED,14 MOTOR VEHICLE IN TRANSPORT,"04 SIDESWIPE, SAME DIRECTION",01 STRAIGHT AHEAD,OTHER CONTRIBUTING ACTION,OTHER CONTRIBUTING ACTION,00 NOT CODED,00 NOT CODED,00 NOT CODED,00 NOT CODED,01 NO,2,0,0,0,2,0,2,3,N,N,Y,Y,N,N,N,N,N,N,N,N,N,N,N,N,N,N,N,N,N,N,N,N,N,N,26.70681873,-80.100106552,589515.68154,2954279.344219,L,,ARBM15Q1R2,"February 28, 2022",2209207,-8916703.372100355,3086890.745410273
2018875797510,2018,875797510,20180001102,COUNTY SHERIFF'S OFFICE,04 FOURTH,PALM BEACH,"January 18, 2018",0824,FRIDAY,9394 WEST PALM BEACH,0694,Y,25TH ST,WINDSOR AVE,0.015,W,0,0,26.736637,-80.06458,93000056,0.191,,,,L LEFT,2 THRU LANE 2,W WEST,,05 LOCAL,05 RAILWAY GRADE CROSSING,01 ON ROADWAY,01 NOT AT INTERSECTION,03 CURB,0,"December 31, 2000",,,,0,,0,,0,,,RCI,0,,,1 NO INJURY,33 Q/C VERIFIED AS OFF-SYSTEM,0 NO,05 RAILROAD CROSSING,01 DAYLIGHT,01 CLEAR,01 DRY,01 LEVEL,1 STRAIGHT,"TWO-WAY, NOT DIVIDED","TWO-WAY, NOT DIVIDED",NO CONTROLS,NO CONTROLS,,NONE,NOT CODED,NOT CODED,NONE,NOT CODED,NOT CODED,14 MOTOR VEHICLE IN TRANSPORT,01 FRONT TO REAR,01 STRAIGHT AHEAD,OPERATED MV IN CARLESS OR NEGL,NO CONTRIBUTING ACTION,00 NOT CODED,00 NOT CODED,00 NOT CODED,00 NOT CODED,01 NO,0,0,0,0,2,0,2,2,N,N,Y,Y,N,N,N,N,N,N,N,N,N,N,N,N,N,N,N,N,N,N,N,N,N,N,26.736635067,-80.064587331,593024.8461,2957607.3477,C,U,ARBM15Q1R2,"February 28, 2022",2209208,-8912749.389341094,3090606.752109745
2018875794810,2018,875794810,20180000291,COUNTY SHERIFF'S OFFICE,04 FOURTH,PALM BEACH,"January 4, 2018",1244,FRIDAY,9394 WEST PALM BEACH,0694,Y,QUADRILLE BLVD S,LAKEVIEW AVE,0,,0,0,26.7063764,-80.0550892,93020100,0.059,04305,SR 5,US 1,I INTERSECTION,M MIDDLE,N NORTH,20 URBAN 4-5LN 2WY DIVD RASD,02 U.S.,02 INTERSECTION,01 ON ROADWAY,02 FOUR-WAY INTERSECTION,03 CURB,43,"June 13, 2016",17 URBAN MAJOR COLLECTOR,21,CURB&GUTTER,2,,0,,0,21,12500,RCI,2,,30,2 POSSIBLE INJURY,31 Q/C COMPLETED - LOC VERIFIED,0 NO,02 AT INTERSECTION,01 DAYLIGHT,02 CLOUDY,01 DRY,01 LEVEL,1 STRAIGHT,"TWO-WAY, NOT DIVIDED","TWO-WAY, NOT DIVIDED",TRAFFIC CONTROL SIGNAL,TRAFFIC CONTROL SIGNAL,4,NONE,NOT CODED,NOT CODED,NONE,NOT CODED,NOT CODED,14 MOTOR VEHICLE IN TRANSPORT,03 ANGLE,03 TURNING LEFT,FAILED TO YIELD RIGHT-OF-WAY,NO CONTRIBUTING ACTION,00 NOT CODED,00 NOT CODED,00 NOT CODED,00 NOT CODED,01 NO,2,0,0,0,2,0,2,5,N,N,Y,Y,N,N,N,N,N,N,N,N,N,N,N,N,Y,N,N,N,N,Y,N,N,N,Y,26.706342442,-80.055078271,593995.437789,2954259.001295,R,,ARBM15Q1R2,"February 28, 2022",2218284,-8911690.845287992,3086831.3937340225
2018875796930,2018,875796930,20180000902,COUNTY SHERIFF'S OFFICE,04 FOURTH,PALM BEACH,"January 14, 2018",1759,MONDAY,9394 WEST PALM BEACH,0694,Y,S AUSTRALIAN AVE,BANYAN BLVD,0.005,S,0,0,26.713892,-80.065684,93025500,0.47,,,,R RIGHT,2 THRU LANE 2,N NORTH,,03 STATE,02 INTERSECTION,01 ON ROADWAY,02 FOUR-WAY INTERSECTION,01 PAVED,0,"December 31, 2000",,,,0,,0,,0,,,RCI,0,,,3 NO-INCAPACITATING INJURY,33 Q/C VERIFIED AS OFF-SYSTEM,0 NO,02 AT INTERSECTION,04 DARK-LIGHTED,02 CLOUDY,01 DRY,01 LEVEL,1 STRAIGHT,"TWO-WAY, DIVIDED, POSITIVE MED","TWO-WAY, DIVIDED, POSITIVE MED",NO CONTROLS,TRAFFIC CONTROL SIGNAL,,NONE,NOT CODED,NOT CODED,NONE,NOT CODED,NOT CODED,14 MOTOR VEHICLE IN TRANSPORT,01 FRONT TO REAR,01 STRAIGHT AHEAD,FAILED TO YIELD RIGHT-OF-WAY,NO CONTRIBUTING ACTION,00 NOT CODED,00 NOT CODED,00 NOT CODED,00 NOT CODED,01 NO,2,0,0,0,2,0,2,2,N,N,N,Y,N,N,N,N,N,N,Y,N,N,N,N,N,N,N,N,N,N,N,N,N,N,N,26.713890717,-80.065686095,592934.046742,2955087.296529,R,U,ARBM15Q1R2,"February 28, 2022",2218285,-8912871.70328629,3087772.0384302945
2018875802640,2018,875802640,20180002879,COUNTY SHERIFF'S OFFICE,04 FOURTH,PALM BEACH,"February 16, 2018",1418,SATURDAY,9394 WEST PALM BEACH,0694,Y,BELVEDERE RD,PARKER AVE,0.019,W,0,0,26.690541,-80.062872,93503501,0.429,,,,L LEFT,1 THRU LANE 1,W WEST,,04 COUNTY,04 DRIVEWAY/ALLEY ACCESS RELATED,01 ON ROADWAY,01 NOT AT INTERSECTION,03 CURB,0,"December 31, 2000",,,,0,,0,,0,,,RCI,0,,,1 NO INJURY,33 Q/C VERIFIED AS OFF-SYSTEM,0 NO,04 DRIVEWAY ACCESS,01 DAYLIGHT,01 CLEAR,01 DRY,01 LEVEL,1 STRAIGHT,"TWO-WAY, NOT DIVIDED","TWO-WAY, NOT DIVIDED",NO CONTROLS,NO CONTROLS,,NONE,NOT CODED,NOT CODED,NONE,NOT CODED,NOT CODED,14 MOTOR VEHICLE IN TRANSPORT,03 ANGLE,01 STRAIGHT AHEAD,NOT CODED,FAILED TO YIELD RIGHT-OF-WAY,00 NOT CODED,00 NOT CODED,00 NOT CODED,00 NOT CODED,01 NO,0,0,0,0,2,0,3,4,N,N,N,N,N,N,N,N,N,N,N,N,N,N,N,N,N,N,N,N,N,N,N,N,N,N,26.69053805,-80.062872156,593232.970182,2952502.730208,C,U,ARBM15Q1R2,"February 28, 2022",2218308,-8912558.45669676,3084862.0971271414
2018875801590,2018,875801590,20180002520,COUNTY SHERIFF'S OFFICE,04 FOURTH,PALM BEACH,"February 10, 2018",1836,SUNDAY,9394 WEST PALM BEACH,0694,Y,ROYAL PALM WAY,S FLAGLER DR,0.009,E,0,0,26.706132,-80.048911,93280000,9.433,,,,L LEFT,2 THRU LANE 2,W WEST,,05 LOCAL,01 NON-JUNCTION,01 ON ROADWAY,01 NOT AT INTERSECTION,03 CURB,0,"December 31, 2000",,,,0,,0,,0,,,RCI,0,,,3 NO-INCAPACITATING INJURY,33 Q/C VERIFIED AS OFF-SYSTEM,0 NO,01 NOT AT INTERSECTION/RRX/BRIDGE,04 DARK-LIGHTED,01 CLEAR,01 DRY,01 LEVEL,1 STRAIGHT,"TWO-WAY, DIVIDED, POSITIVE MED","TWO-WAY, DIVIDED, POSITIVE MED",TRAFFIC CONTROL SIGNAL,TRAFFIC CONTROL SIGNAL,,NONE,NOT CODED,NOT CODED,NONE,NOT CODED,NOT CODED,14 MOTOR VEHICLE IN TRANSPORT,01 FRONT TO REAR,01 STRAIGHT AHEAD,OPERATED MV IN CARLESS OR NEGL,NO CONTRIBUTING ACTION,00 NOT CODED,00 NOT CODED,00 NOT CODED,00 NOT CODED,01 NO,1,0,0,0,2,0,2,3,N,N,N,N,N,N,N,N,N,N,Y,N,N,N,N,N,N,N,N,N,N,N,N,N,N,N,26.706125074,-80.048757336,594624.4227,2954239.6015,L,U,ARBM15Q1R2,"February 28, 2022",2218312,-8910987.201792011,3086804.30700278
2018875801700,2018,875801700,20180002572,COUNTY SHERIFF'S OFFICE,04 FOURTH,PALM BEACH,"February 11, 2018",1531,MONDAY,9394 WEST PALM BEACH,0694,Y,OKEECHOBEE BLVD,I 95 N,0.028,W,0,0,26.7060288,-80.0765404,93280000,7.675,04893,SR 704,,R RIGHT,3 THRU LANE 3,E EAST,30 URBAN 6+LN 2WY DIVD RASD,03 STATE,01 NON-JUNCTION,01 ON ROADWAY,01 NOT AT INTERSECTION,03 CURB,32,"May 2, 2017",14 URBAN PRIN ART OTHER,34,PAVED,4,CURB&GUTTER,2,,0,21,61000,RCI,5.8,,45,2 POSSIBLE INJURY,31 Q/C COMPLETED - LOC VERIFIED,0 NO,01 NOT AT INTERSECTION/RRX/BRIDGE,01 DAYLIGHT,02 CLOUDY,01 DRY,01 LEVEL,1 STRAIGHT,"TWO-WAY, DIVIDED, POSITIVE MED","TWO-WAY, DIVIDED, POSITIVE MED",NO CONTROLS,NO CONTROLS,7,NONE,NOT CODED,NOT CODED,NONE,NOT CODED,NOT CODED,14 MOTOR VEHICLE IN TRANSPORT,01 FRONT TO REAR,01 STRAIGHT AHEAD,OPERATED MV IN CARLESS OR NEGL,NO CONTRIBUTING ACTION,00 NOT CODED,00 NOT CODED,00 NOT CODED,00 NOT CODED,01 NO,1,0,0,0,2,0,2,2,N,N,N,N,N,N,N,N,N,N,Y,N,N,N,N,N,N,N,N,N,N,N,N,N,N,N,26.706002187,-80.076595205,591855.216105,2954205.627908,R,,ARBM15Q1R2,"February 28, 2022",2218313,-8914086.10008783,3086788.9935655766
2018875794500,2018,875794500,20180000156,COUNTY SHERIFF'S OFFICE,04 FOURTH,PALM BEACH,"January 2, 2018",1517,WEDNESDAY,9394 WEST PALM BEACH,0694,Y,25TH ST,WINDSOR AVE,0.009,W,0,0,26.73663,-80.064472,93000056,0.198,,,,L LEFT,2 THRU LANE 2,W WEST,,05 LOCAL,01 NON-JUNCTION,01 ON ROADWAY,01 NOT AT INTERSECTION,03 CURB,0,"December 31, 2000",,,,0,,0,,0,,,RCI,0,,,1 NO INJURY,33 Q/C VERIFIED AS OFF-SYSTEM,0 NO,01 NOT AT INTERSECTION/RRX/BRIDGE,01 DAYLIGHT,01 CLEAR,01 DRY,01 LEVEL,1 STRAIGHT,"TWO-WAY, NOT DIVIDED","TWO-WAY, NOT DIVIDED",STOP SIGN,RAILWAY CROSSING DEVICE,,NONE,NOT CODED,NOT CODED,NONE,NOT CODED,NOT CODED,14 MOTOR VEHICLE IN TRANSPORT,01 FRONT TO REAR,05 TURNING RIGHT,OPERATED MV IN CARLESS OR NEGL,NO CONTRIBUTING ACTION,00 NOT CODED,00 NOT CODED,00 NOT CODED,00 NOT CODED,01 NO,0,0,0,0,2,0,2,2,N,N,N,N,N,N,N,N,N,N,Y,N,N,N,N,N,N,N,N,N,N,Y,Y,N,N,N,26.736630453,-80.064471977,593036.322101,2957606.920892,C,U,ARBM15Q1R2,"February 28, 2022",2218428,-8912736.548279788,3090606.1769803576
2018875794520,2018,875794520,20180000160,COUNTY SHERIFF'S OFFICE,04 FOURTH,PALM BEACH,"January 2, 2018",1555,WEDNESDAY,9394 WEST PALM BEACH,0694,Y,LAKE AVE,SELKIRK ST,0,E,0,0,26.667447,-80.061373,93000042,0.843,,,,I INTERSECTION,M MIDDLE,W WEST,,05 LOCAL,02 INTERSECTION,01 ON ROADWAY,02 FOUR-WAY INTERSECTION,03 CURB,0,"December 31, 2000",,,,0,,0,,0,,,RCI,0,,,1 NO INJURY,33 Q/C VERIFIED AS OFF-SYSTEM,0 NO,02 AT INTERSECTION,01 DAYLIGHT,02 CLOUDY,01 DRY,01 LEVEL,1 STRAIGHT,"TWO-WAY, NOT DIVIDED","TWO-WAY, NOT DIVIDED",STOP SIGN,NO CONTROLS,,NONE,NOT CODED,NOT CODED,NONE,NOT CODED,NOT CODED,14 MOTOR VEHICLE IN TRANSPORT,03 ANGLE,01 STRAIGHT AHEAD,RAN STOP SIGN,NO CONTRIBUTING ACTION,00 NOT CODED,00 NOT CODED,00 NOT CODED,00 NOT CODED,01 NO,0,0,0,0,2,0,2,3,N,N,N,Y,N,N,Y,N,N,N,N,Y,N,N,N,N,N,N,N,N,N,N,N,N,N,N,26.667447294,-80.061377139,593400.528303,2949946.220102,C,U,ARBM15Q1R2,"February 28, 2022",2218429,-8912392.0320951,3081985.378359456
2018875794570,2018,875794570,20180000179,COUNTY SHERIFF'S OFFICE,04 FOURTH,PALM BEACH,"January 2, 2018",2151,WEDNESDAY,9394 WEST PALM BEACH,0694,Y,LAKE VIEW AVE,DIXIE HWY S,0.002,W,0,0,26.7054677,-80.0535074,93280000,9.104,00694,SR 704,US 1,L LEFT,2 THRU LANE 2,0,40 URBAN ONE WAY,05 LOCAL,01 NON-JUNCTION,01 ON ROADWAY,01 NOT AT INTERSECTION,01 PAVED,39,"May 2, 2017",16 URBAN MINOR ART,34,CURB&GUTTER,2,CURB&GUTTER,2,,0,,20000,RCI,2.8,,35,1 NO INJURY,31 Q/C COMPLETED - LOC VERIFIED,0 NO,01 NOT AT INTERSECTION/RRX/BRIDGE,04 DARK-LIGHTED,01 CLEAR,01 DRY,00 NOT CODED,0 NOT CODED,NOT CODED,ONE-WAY TRAFFICWAY,NOT CODED,NO CONTROLS,3,NONE,NOT CODED,NOT CODED,NONE,NOT CODED,NOT CODED,14 MOTOR VEHICLE IN TRANSPORT,"04 SIDESWIPE, SAME DIRECTION",00 NOT CODED,NOT CODED,NO CONTRIBUTING ACTION,00 NOT CODED,00 NOT CODED,00 NOT CODED,00 NOT CODED,01 NO,0,0,0,0,1,0,2,1,N,N,N,N,Y,N,N,N,N,N,N,N,N,N,N,N,N,N,N,N,N,N,N,N,N,N,26.705455991,-80.053528392,594150.348416,2954161.958615,O,,ARBM15Q1R2,"February 28, 2022",2218430,-8911518.313432602,3086720.930878611
2018875799580,2018,875799580,20180001860,COUNTY SHERIFF'S OFFICE,04 FOURTH,PALM BEACH,"January 30, 2018",2157,WEDNESDAY,9394 WEST PALM BEACH,0694,Y,SR 5,FERN ST,0,,0,0,26.7104384,-80.0549879,93020100,0.336,02389,SR 5,US 1,R RIGHT,1 THRU LANE 1,E EAST,20 URBAN 4-5LN 2WY DIVD RASD,05 LOCAL,01 NON-JUNCTION,01 ON ROADWAY,02 FOUR-WAY INTERSECTION,03 CURB,43,"June 13, 2016",17 URBAN MAJOR COLLECTOR,22,CURB&GUTTER,2,,0,,0,16,12500,RCI,2,,30,1 NO INJURY,31 Q/C COMPLETED - LOC VERIFIED,0 NO,02 AT INTERSECTION,04 DARK-LIGHTED,01 CLEAR,01 DRY,01 LEVEL,1 STRAIGHT,"TWO-WAY, NOT DIVIDED","TWO-WAY, DIVIDED, POSITIVE MED",STOP SIGN,NO CONTROLS,4,NONE,NOT CODED,NOT CODED,NONE,NOT CODED,NOT CODED,14 MOTOR VEHICLE IN TRANSPORT,03 ANGLE,01 STRAIGHT AHEAD,FAILED TO YIELD RIGHT-OF-WAY,NO CONTRIBUTING ACTION,00 NOT CODED,00 NOT CODED,00 NOT CODED,00 NOT CODED,01 NO,0,0,0,0,2,0,2,5,N,N,N,Y,N,N,N,N,N,N,N,N,N,N,N,N,N,N,N,N,N,N,N,N,N,N,26.710418513,-80.054986315,594001.23842,2954710.549794,R,,ARBM15Q1R2,"February 28, 2022",2218673,-8911680.608807644,3087339.334516281
2018875799950,2018,875799950,20180001986,COUNTY SHERIFF'S OFFICE,04 FOURTH,PALM BEACH,"February 1, 2018",2125,FRIDAY,9394 WEST PALM BEACH,0694,Y,PALM BEACH LAKES BLVD,,0.095,N,0,0,26.709409,-80.098136,93014500,0.242,,,,L LEFT,2 THRU LANE 2,W WEST,,05 LOCAL,15 CROSSOVER-RELATED,01 ON ROADWAY,01 NOT AT INTERSECTION,03 CURB,0,"December 31, 2000",,,,0,,0,,0,,,RCI,0,,,1 NO INJURY,33 Q/C VERIFIED AS OFF-SYSTEM,0 NO,03 INFLUENCED BY INTERSECTION,05 DARK-NOT LIGHTED,02 CLOUDY,01 DRY,01 LEVEL,1 STRAIGHT,"TWO-WAY, DIVIDED, POSITIVE MED","TWO-WAY, DIVIDED, POSITIVE MED",NO CONTROLS,NO CONTROLS,,NONE,NOT CODED,NOT CODED,NONE,NOT CODED,NOT CODED,14 MOTOR VEHICLE IN TRANSPORT,03 ANGLE,03 TURNING LEFT,FAILED TO YIELD RIGHT-OF-WAY,NO CONTRIBUTING ACTION,00 NOT CODED,00 NOT CODED,00 NOT CODED,00 NOT CODED,01 NO,0,0,0,0,2,0,2,2,N,N,N,Y,N,N,N,N,N,N,N,N,N,N,N,N,N,N,N,N,N,N,N,N,N,N,26.709407311,-80.098133658,589709.913709,2954567.449837,L,U,ARBM15Q1R2,"February 28, 2022",2218720,-8916483.75039101,3087213.321343619
2018875800010,2018,875800010,20180002010,COUNTY SHERIFF'S OFFICE,04 FOURTH,PALM BEACH,"February 2, 2018",0400,SATURDAY,9394 WEST PALM BEACH,0694,Y,BELVEDERE RD,BRISTOL DR,0.008,W,0,0,26.691035,-80.076931,93503500,2.265,,,,L LEFT,S SIDE OF ROAD,W WEST,,04 COUNTY,02 INTERSECTION,01 ON ROADWAY,03 T-INTERSECTION,03 CURB,0,"December 31, 2000",,,,0,,0,,0,,,RCI,0,,,1 NO INJURY,33 Q/C VERIFIED AS OFF-SYSTEM,0 NO,02 AT INTERSECTION,04 DARK-LIGHTED,02 CLOUDY,01 DRY,01 LEVEL,1 STRAIGHT,"TWO-WAY, DIVIDED, POSITIVE MED",,NO CONTROLS,NOT CODED,,NONE,NOT CODED,NOT CODED,NONE,NOT CODED,NOT CODED,24 CURB,77 OTHER (SEE NARRATIVE),01 STRAIGHT AHEAD,SWERVED OR AVOIDED:  DUE TO WI,NOT CODED,00 NOT CODED,00 NOT CODED,00 NOT CODED,00 NOT CODED,01 NO,0,0,0,0,1,0,1,1,N,N,N,Y,N,N,N,N,N,N,N,N,N,N,N,N,N,N,N,N,N,N,N,N,N,N,26.691038627,-80.076930871,591833.822262,2952547.975674,L,U,ARBM15Q1R2,"February 28, 2022",2218721,-8914123.466169704,3084924.466992128
2018875799300,2018,875799300,20180001755,COUNTY SHERIFF'S OFFICE,04 FOURTH,PALM BEACH,"January 29, 2018",0900,TUESDAY,9394 WEST PALM BEACH,0694,Y,OKEECHOBEE BLVD,SANDSBURYS WAY,0.028,E,0,0,26.7087384,-80.1818534,93280000,1.169,02498,SR 704,,L LEFT,L LEFT TURN,0,30 URBAN 6+LN 2WY DIVD RASD,05 LOCAL,14 ENTRANCE/EXIT RAMP,01 ON ROADWAY,01 NOT AT INTERSECTION,03 CURB,41,"May 2, 2017",14 URBAN PRIN ART OTHER,48,PAVED,5,CURB&GUTTER,2,,0,36,61500,RCI,4.6,,50,1 NO INJURY,31 Q/C COMPLETED - LOC VERIFIED,0 NO,03 INFLUENCED BY INTERSECTION,01 DAYLIGHT,01 CLEAR,01 DRY,00 NOT CODED,0 NOT CODED,NOT CODED,"TWO-WAY, DIVIDED, POSITIVE MED",NOT CODED,NO CONTROLS,8,NONE,NOT CODED,NOT CODED,NONE,NOT CODED,NOT CODED,14 MOTOR VEHICLE IN TRANSPORT,01 FRONT TO REAR,00 NOT CODED,NOT CODED,NO CONTRIBUTING ACTION,00 NOT CODED,00 NOT CODED,00 NOT CODED,00 NOT CODED,01 NO,0,0,0,0,1,0,2,1,N,N,N,Y,N,N,N,N,N,N,N,N,N,N,N,N,N,N,N,N,N,N,N,N,N,N,26.708933913,-80.182011797,581366.415986,2954458.725186,L,,ARBM15Q1R2,"February 28, 2022",2218745,-8925821.024852687,3087154.3281312073
2018875796620,2018,875796620,20180000824,COUNTY SHERIFF'S OFFICE,04 FOURTH,PALM BEACH,"January 13, 2018",0516,SUNDAY,9394 WEST PALM BEACH,0694,Y,BELVEDERE RD,MERCER AVE,0.019,E,0,0,26.690614,-80.070571,93503500,2.658,,,,R RIGHT,3 THRU LANE 3,E EAST,,05 LOCAL,01 NON-JUNCTION,01 ON ROADWAY,01 NOT AT INTERSECTION,01 PAVED,0,"December 31, 2000",,,,0,,0,,0,,,RCI,0,,,1 NO INJURY,33 Q/C VERIFIED AS OFF-SYSTEM,0 NO,01 NOT AT INTERSECTION/RRX/BRIDGE,04 DARK-LIGHTED,01 CLEAR,01 DRY,01 LEVEL,1 STRAIGHT,"TWO-WAY, DIVIDED, POSITIVE MED","TWO-WAY, DIVIDED, POSITIVE MED",NO CONTROLS,NO CONTROLS,,NONE,NOT CODED,NOT CODED,NONE,NOT CODED,NOT CODED,14 MOTOR VEHICLE IN TRANSPORT,01 FRONT TO REAR,01 STRAIGHT AHEAD,FOLLOWED TOO CLOSELY,NO CONTRIBUTING ACTION,00 NOT CODED,00 NOT CODED,00 NOT CODED,00 NOT CODED,01 NO,0,0,0,0,2,0,2,2,N,N,N,N,Y,N,N,N,N,N,Y,N,N,N,N,N,N,N,N,N,N,N,N,N,N,N,26.690612579,-80.070571072,592466.919751,2952505.380404,R,U,ARBM15Q1R2,"February 28, 2022",2218969,-8913415.49635761,3084871.3830736494
2018875796710,2018,875796710,20180000846,COUNTY SHERIFF'S OFFICE,04 FOURTH,PALM BEACH,"January 13, 2018",1635,SUNDAY,9394 WEST PALM BEACH,0694,Y,BRADLEY CT,PARKER AVE,0.095,W,0,0,26.671294,-80.06471,93A12764,0.147,,,,R RIGHT,P PARKING,E EAST,,05 LOCAL,01 NON-JUNCTION,01 ON ROADWAY,01 NOT AT INTERSECTION,03 CURB,0,"December 31, 2000",,,,0,,0,,0,,,RCI,0,,,1 NO INJURY,33 Q/C VERIFIED AS OFF-SYSTEM,0 NO,01 NOT AT INTERSECTION/RRX/BRIDGE,01 DAYLIGHT,02 CLOUDY,01 DRY,01 LEVEL,1 STRAIGHT,"TWO-WAY, NOT DIVIDED","TWO-WAY, NOT DIVIDED",NO CONTROLS,NO CONTROLS,,NONE,NONE,NONE,NONE,NONE,NONE,15 PARKED MOTOR VEHICLE,"04 SIDESWIPE, SAME DIRECTION",01 STRAIGHT AHEAD,NOT CODED,NO CONTRIBUTING ACTION,00 NOT CODED,00 NOT CODED,00 NOT CODED,00 NOT CODED,01 NO,0,0,0,0,1,0,2,2,N,N,N,N,Y,N,N,N,N,N,N,N,N,N,N,N,N,N,N,N,N,N,N,N,N,N,26.671296341,-80.064709881,593065.75193,2950370.117281,C,U,ARBM15Q1R2,"February 28, 2022",2218970,-8912763.031424822,3082464.8641896225
2018875796980,2018,875796980,20180000930,COUNTY SHERIFF'S OFFICE,04 FOURTH,PALM BEACH,"January 15, 2018",1011,TUESDAY,9394 WEST PALM BEACH,0694,Y,OKEECHOBEE BLVD,SKEES RD,0.038,W,0,0,26.7081273,-80.1582989,93280000,2.624,01723,SR 704,,L LEFT,1 THRU LANE 1,0,30 URBAN 6+LN 2WY DIVD RASD,04 COUNTY,01 NON-JUNCTION,01 ON ROADWAY,01 NOT AT INTERSECTION,03 CURB,41,"May 2, 2017",14 URBAN PRIN ART OTHER,48,PAVED,4,CURB&GUTTER,2,,0,25,61500,RCI,4.6,,50,1 NO INJURY,31 Q/C COMPLETED - LOC VERIFIED,0 NO,01 NOT AT INTERSECTION/RRX/BRIDGE,01 DAYLIGHT,01 CLEAR,01 DRY,00 NOT CODED,0 NOT CODED,NOT CODED,"TWO-WAY, DIVIDED, POSITIVE MED",NOT CODED,NO CONTROLS,8,NONE,NOT CODED,NOT CODED,NONE,NOT CODED,NOT CODED,14 MOTOR VEHICLE IN TRANSPORT,"04 SIDESWIPE, SAME DIRECTION",00 NOT CODED,NOT CODED,NO CONTRIBUTING ACTION,00 NOT CODED,00 NOT CODED,00 NOT CODED,00 NOT CODED,01 NO,0,0,0,0,1,0,2,1,N,N,Y,N,Y,N,N,N,N,N,N,N,N,N,N,N,N,N,N,N,N,N,N,N,N,N,26.708336062,-80.15836799,583718.835463,2954407.81742,L,,ARBM15Q1R2,"February 28, 2022",2219531,-8923189.007480161,3087079.826691242