Crash Id,Calendar Year,FDOT Crash Number,Reporting Agency Case Number,Reporting Agency Type,FDOT Managing District,County Name,Crash Date,Crash Time,Day,DHSMV City,Crash Report City Code,In Town,On Roadway Name,Int Roadway Name,Reference Distance (Miles),Reference Direction,Officer Latitude,Officer Longitude,FDOT Latitude,FDOT Longitude,FDOT Roadway,Nearest Inventory MP,Nearest Node From Crash,State Road #,US Highway,Crash Side of Road,Accident Lane Number,Travel Direction Vehicle 1,FDOT Road Category,DHSMV Road System Id,Relation to Junction,Crash Harmful Event Location,Intersection Type,Shoulder Type,FDOT Roadway SKID Test Result,FDOT Roadway SKID Test Date,Functional Class,RCI Surface Width,RCI Shoulder Type First,RCI Shoulder Width First,RCI Shoulder Type Second,RCI Shoulder Width Second,RCI Shoulder Type Third,RCI Shoulder Width Third,RCI Median Width,Avg Daily Traffic,AADT Source,RCI Avg Per Truck Traffic,RCI Horiz Curve Condition,Posted Speed Limit,Highest Injury in Crash,CAR Status Code,Alcohols/Drug Involved,Site Location,Lighting,Weather,Road Surface,Roadway Grade,Roadway Alignment,Traffic Way Vehicle 1,Traffic Way Vehicle 2,Traffic Control Vehicle 1,Traffic Control Vehicle 2,Count of Lanes,Road Condition 1,Road Condition 2,Road Condition 3,Environment Condition 1,Environment Condition 2,Environment Condition 3,Crash Harmful Event,Manner of Collision,Vehicle Movement,Driver Action Vehicle 1,Driver Action Vehicle 2,Location Within Workzone,Type of Workzone,Workers Present in Workzone,Law Enforcement Present in Workzone,School Bus Related,Count of Nonfatal Injuries,Count of Traffic Fatalities,Count of Serious Injuries,Count of Pedestrians,Count of Drivers,Count of Bicyclists,Count of Vehicles,Count of Persons,Wrong Way,Workzone Inv,Commercial Vehicle Inv,Intersection Inv,Lane Departure,Speeding,Agressive Driving,Impaired Driver,Impaired Pedestrian,Impaired Bicyclist,Distracted Driver,Speeding or Aggressive Driving,Pedestrian Related,Bicyclist Related,Pedestrian or Bicyclist Related,Motorcycle Inv,No Belt,No Belt - Ages 1-4,No Belt - Ages 5-12,No Belt - Ages 13-17,Driver - Ages Teen,Driver - Ages 65 plus,Driver - Ages 65-69,Driver - Ages 70-74,Driver - Ages 75-79,Driver - Ages 80 plus,ARBM Latitude,ARBM Longitude,UTM Zone 17N X,UTM Zone 17N Y,ARBM Side of Road,Urban Rural Indicator,GIS Street Source,Extract Date,OBJECTID,x,y
2018877869770,2018,877869770,20180006246,COUNTY SHERIFF'S OFFICE,04 FOURTH,PALM BEACH,"April 10, 2018",1713,WEDNESDAY,9394 WEST PALM BEACH,0694,Y,QUADRILLE BLVD N,DIXIE HWY N,0,,0,0,26.7184639,-80.0533936,93020100,0.96,00269,SR 5,US 1,R RIGHT,L LEFT TURN,E EAST,21 URBAN 4-5LN 2WY DIVD PAVD,02 U.S.,02 INTERSECTION,01 ON ROADWAY,02 FOUR-WAY INTERSECTION,03 CURB,41,"June 13, 2016",17 URBAN MAJOR COLLECTOR,22,CURB&GUTTER,2,,0,,0,25,11100,RCI,2.6,,30,1 NO INJURY,31 Q/C COMPLETED - LOC VERIFIED,0 NO,02 AT INTERSECTION,01 DAYLIGHT,02 CLOUDY,01 DRY,01 LEVEL,1 STRAIGHT,"TWO-WAY, NOT DIVIDED","TWO-WAY, NOT DIVIDED",TRAFFIC CONTROL SIGNAL,TRAFFIC CONTROL SIGNAL,4,NONE,NOT CODED,NOT CODED,NONE,NOT CODED,NOT CODED,14 MOTOR VEHICLE IN TRANSPORT,"04 SIDESWIPE, SAME DIRECTION",03 TURNING LEFT,OTHER CONTRIBUTING ACTION,OTHER CONTRIBUTING ACTION,00 NOT CODED,00 NOT CODED,00 NOT CODED,00 NOT CODED,01 NO,0,0,0,0,2,0,2,2,N,N,Y,Y,N,N,N,N,N,N,N,N,N,N,N,N,N,N,N,N,N,N,N,N,N,N,26.718465072,-80.053387335,594153.6787,2955602.9975,C,,ARBM15Q1R2,"February 28, 2022",2341870,-8911502.611102685,3088342.1119682514
2018877875880,2018,877875880,20180008276,COUNTY SHERIFF'S OFFICE,04 FOURTH,PALM BEACH,"May 13, 2018",2329,MONDAY,9394 WEST PALM BEACH,0694,Y,OKEECHOBEE BLVD,BAYWINDS BLVD,0.142,E,0,0,26.7088934,-80.1873241,93280000,0.831,04788,SR 704,,L LEFT,3 THRU LANE 3,W WEST,33 SUBURBAN 6+LN 2WY DIVD RASD,03 STATE,01 NON-JUNCTION,01 ON ROADWAY,01 NOT AT INTERSECTION,03 CURB,41,"May 2, 2017",14 URBAN PRIN ART OTHER,48,PAVED,4,LAWN,9,,0,24,52000,RCI,6.8,,50,1 NO INJURY,31 Q/C COMPLETED - LOC VERIFIED,0 NO,01 NOT AT INTERSECTION/RRX/BRIDGE,04 DARK-LIGHTED,02 CLOUDY,02 WET,01 LEVEL,1 STRAIGHT,"TWO-WAY, DIVIDED, UNPROTECTED","TWO-WAY, DIVIDED, UNPROTECTED",NO CONTROLS,NO CONTROLS,8,NONE,NOT CODED,NOT CODED,NONE,NOT CODED,NOT CODED,14 MOTOR VEHICLE IN TRANSPORT,77 OTHER (SEE NARRATIVE),01 STRAIGHT AHEAD,EXCEEDED POSTED SPEED,NO CONTRIBUTING ACTION,00 NOT CODED,00 NOT CODED,00 NOT CODED,00 NOT CODED,01 NO,0,0,0,0,4,0,4,7,N,N,N,N,Y,Y,Y,N,N,N,Y,Y,N,N,N,N,N,N,N,N,N,N,N,N,N,N,26.709068861,-80.187503518,580820.02957,2954470.178431,L,,ARBM15Q1R2,"February 28, 2022",2341906,-8926432.360618807,3087171.1448508655
2018877861320,2018,877861320,20180003754,COUNTY SHERIFF'S OFFICE,04 FOURTH,PALM BEACH,"March 1, 2018",0955,FRIDAY,9394 WEST PALM BEACH,0694,Y,N HEATH CIR,N SHELLEY RD,0,E,0,0,26.757215,-80.098611,93A10584,0.773,,,,I INTERSECTION,M MIDDLE,0,,05 LOCAL,02 INTERSECTION,01 ON ROADWAY,03 T-INTERSECTION,02 UNPAVED,0,"December 31, 2000",,,,0,,0,,0,,,RCI,0,,,0 UNKNOWN/NOT CODED,33 Q/C VERIFIED AS OFF-SYSTEM,0 NO,02 AT INTERSECTION,01 DAYLIGHT,02 CLOUDY,01 DRY,00 NOT CODED,0 NOT CODED,NOT CODED,"TWO-WAY, NOT DIVIDED",NOT CODED,NO CONTROLS,,NONE,NONE,NONE,NONE,NONE,NONE,15 PARKED MOTOR VEHICLE,03 ANGLE,00 NOT CODED,NOT CODED,NOT CODED,00 NOT CODED,00 NOT CODED,00 NOT CODED,00 NOT CODED,01 NO,0,0,0,0,1,0,2,1,N,N,N,Y,N,N,N,N,N,N,N,N,N,N,N,N,N,N,N,N,N,N,N,N,N,N,26.757215063,-80.098607321,589625.3173,2959862.458,C,U,ARBM15Q1R2,"February 28, 2022",2341951,-8916536.478475846,3093172.2026321287
2018854585010,2018,854585010,FHPK18OFF054426,FLORIDA HIGHWAY PATROL,08 TURNPIKE,PALM BEACH,"July 24, 2018",1452,WEDNESDAY,9394 WEST PALM BEACH,0694,N,SR 91,MILE MARKER #105,0,,26.7749884,-80.1328662,26.778879,-80.1325506,93470000,31.81,01454,SR 91,,R RIGHT,1 THRU LANE 1,N NORTH,03 TOLL ROAD URBAN,06 TURNPIKE/TOLL,01 NON-JUNCTION,03 SHOULDER,01 NOT AT INTERSECTION,01 PAVED,36,"June 14, 2016",12 URBAN PRIN ART EXPR.,24,PAVED WARN,12,LAWN,12,,0,20,72300,RCI,14.3,,70,1 NO INJURY,31 Q/C COMPLETED - LOC VERIFIED,0 NO,01 NOT AT INTERSECTION/RRX/BRIDGE,01 DAYLIGHT,02 CLOUDY,01 DRY,01 LEVEL,1 STRAIGHT,"TWO-WAY, DIVIDED, POSITIVE MED","TWO-WAY, DIVIDED, POSITIVE MED",NO CONTROLS,NO CONTROLS,4,NONE,NOT CODED,NOT CODED,NONE,NOT CODED,NOT CODED,14 MOTOR VEHICLE IN TRANSPORT,"04 SIDESWIPE, SAME DIRECTION",01 STRAIGHT AHEAD,OTHER CONTRIBUTING ACTION,NO CONTRIBUTING ACTION,00 NOT CODED,00 NOT CODED,00 NOT CODED,00 NOT CODED,01 NO,0,0,0,0,2,0,2,4,N,N,N,N,Y,N,N,N,N,N,N,N,N,N,N,N,N,N,N,N,N,N,N,N,N,N,26.778785697,-80.132557323,586233.224465,2962228.2277,R,,ARBM15Q1R2,"February 28, 2022",2342106,-8920315.776594123,3095861.642352048
2018815065850,2018,815065850,18071185,CITY POLICE DEPARTMENT,04 FOURTH,PALM BEACH,"May 5, 2018",1228,SUNDAY,9394 WEST PALM BEACH,0694,N,GUN CLUB RD,MILITARY TRL S,0,,0,0,26.6736101,-80.1122205,93070000,24.207,02024,SR 809,,T SIDE RD LEFT,S SIDE OF ROAD,N NORTH,30 URBAN 6+LN 2WY DIVD RASD,04 COUNTY,01 NON-JUNCTION,02 OFF ROADWAY,02 FOUR-WAY INTERSECTION,03 CURB,32,"May 1, 2017",14 URBAN PRIN ART OTHER,33,CURB&GUTTER,2,CURB&GUTTER,2,,0,15,42000,RCI,6.1,,40,1 NO INJURY,31 Q/C COMPLETED - LOC VERIFIED,0 NO,02 AT INTERSECTION,01 DAYLIGHT,01 CLEAR,01 DRY,01 LEVEL,1 STRAIGHT,"TWO-WAY, DIVIDED, POSITIVE MED",,TRAFFIC CONTROL SIGNAL,NOT CODED,6,NONE,NOT CODED,NOT CODED,NONE,NOT CODED,NOT CODED,"39 OTHER FIXED OBJECT (WALL, BUIL",77 OTHER (SEE NARRATIVE),05 TURNING RIGHT,RAN OFF ROADWAY,NOT CODED,00 NOT CODED,00 NOT CODED,00 NOT CODED,00 NOT CODED,01 NO,0,0,0,0,1,0,1,1,N,N,N,Y,N,N,N,N,N,N,Y,N,N,N,N,N,N,N,N,N,N,N,N,N,N,N,26.673633308,-80.112328131,588325.478419,2950595.125192,L,,ARBM15Q1R2,"February 28, 2022",2342315,-8918063.872302363,3082755.99406449
2018877868580,2018,877868580,20180005932,COUNTY SHERIFF'S OFFICE,04 FOURTH,PALM BEACH,"April 5, 2018",1148,FRIDAY,9394 WEST PALM BEACH,0694,Y,INDEPENDENCE RD,S DIXIE HWY,0.015,W,0,0,26.663112,-80.055902,93A13048,0.138,,,,R RIGHT,1 THRU LANE 1,E EAST,,05 LOCAL,03 INTERSECTION-RELATED,01 ON ROADWAY,03 T-INTERSECTION,03 CURB,0,"December 31, 2000",,,,0,,0,,0,,,RCI,0,,,1 NO INJURY,33 Q/C VERIFIED AS OFF-SYSTEM,0 NO,03 INFLUENCED BY INTERSECTION,01 DAYLIGHT,01 CLEAR,01 DRY,01 LEVEL,1 STRAIGHT,"TWO-WAY, DIVIDED, UNPROTECTED","TWO-WAY, DIVIDED, UNPROTECTED",NO CONTROLS,NO CONTROLS,,NONE,NOT CODED,NOT CODED,NONE,NOT CODED,NOT CODED,15 PARKED MOTOR VEHICLE,"04 SIDESWIPE, SAME DIRECTION",05 TURNING RIGHT,OVER-CORRECTING/OVERSTEERING,NOT CODED,00 NOT CODED,00 NOT CODED,00 NOT CODED,00 NOT CODED,01 NO,0,0,0,0,1,0,2,1,N,N,Y,Y,N,N,N,N,N,N,N,N,N,N,N,N,N,N,N,N,N,N,N,N,N,N,26.663115446,-80.055901819,593948.944654,2949470.429776,C,U,ARBM15Q1R2,"February 28, 2022",2342360,-8911782.522046465,3081445.7680711546
2018877870520,2018,877870520,20180006480,COUNTY SHERIFF'S OFFICE,04 FOURTH,PALM BEACH,"April 14, 2018",0347,SUNDAY,9394 WEST PALM BEACH,0694,Y,OKEECHOBEE BLVD,OLIVE AVE S,0.005,W,0,0,26.7054214,-80.0518559,93280000,9.206,00646,SR 704,,L LEFT,S SIDE OF ROAD,W WEST,40 URBAN ONE WAY,03 STATE,01 NON-JUNCTION,02 OFF ROADWAY,01 NOT AT INTERSECTION,03 CURB,39,"May 2, 2017",14 URBAN PRIN ART OTHER,20,CURB&GUTTER,2,CURB&GUTTER,2,,0,,20000,RCI,2.8,,35,1 NO INJURY,31 Q/C COMPLETED - LOC VERIFIED,0 NO,03 INFLUENCED BY INTERSECTION,04 DARK-LIGHTED,01 CLEAR,01 DRY,01 LEVEL,1 STRAIGHT,ONE-WAY TRAFFICWAY,,NO CONTROLS,NOT CODED,2,NONE,NOT CODED,NOT CODED,NONE,NOT CODED,NOT CODED,32 TREE (STANDING),77 OTHER (SEE NARRATIVE),01 STRAIGHT AHEAD,OPERATED MV IN CARLESS OR NEGL,NOT CODED,00 NOT CODED,00 NOT CODED,00 NOT CODED,00 NOT CODED,01 NO,0,0,0,0,1,0,1,1,Y,N,N,Y,N,N,N,N,N,N,Y,N,N,N,N,N,N,N,N,N,N,N,N,N,N,N,26.705415076,-80.051875252,594314.837367,2954158.648714,O,,ARBM15Q1R2,"February 28, 2022",2342361,-8911334.286630511,3086715.8323209463
2018877870540,2018,877870540,20180006483,COUNTY SHERIFF'S OFFICE,04 FOURTH,PALM BEACH,"April 14, 2018",0409,SUNDAY,9394 WEST PALM BEACH,0694,Y,S NARCISSUS AVE,DATURA ST,0.011,N,0,0,26.712441,-80.050713,93A11469,0.08,,,,L LEFT,P PARKING,S SOUTH,,05 LOCAL,01 NON-JUNCTION,01 ON ROADWAY,01 NOT AT INTERSECTION,03 CURB,0,"December 31, 2000",,,,0,,0,,0,,,RCI,0,,,1 NO INJURY,33 Q/C VERIFIED AS OFF-SYSTEM,1 ALC,01 NOT AT INTERSECTION/RRX/BRIDGE,04 DARK-LIGHTED,01 CLEAR,01 DRY,01 LEVEL,1 STRAIGHT,ONE-WAY TRAFFICWAY,ONE-WAY TRAFFICWAY,NO CONTROLS,NO CONTROLS,,NONE,NONE,NONE,NONE,NONE,NONE,15 PARKED MOTOR VEHICLE,"04 SIDESWIPE, SAME DIRECTION",01 STRAIGHT AHEAD,OPERATED MV IN CARLESS OR NEGL,NOT CODED,00 NOT CODED,00 NOT CODED,00 NOT CODED,00 NOT CODED,01 NO,0,0,0,0,1,0,2,3,N,N,N,N,Y,N,N,Y,N,N,N,N,N,N,N,N,N,N,N,N,N,N,N,N,N,N,26.712441017,-80.050714082,594424.555551,2954937.728019,O,U,ARBM15Q1R2,"February 28, 2022",2342362,-8911205.025739599,3087591.3760363436
2018877866650,2018,877866650,20180005326,COUNTY SHERIFF'S OFFICE,04 FOURTH,PALM BEACH,"March 26, 2018",1622,TUESDAY,9394 WEST PALM BEACH,0694,Y,OKEECHOBEE BLVD,SPENCER DR,0,,0,0,26.7064917,-80.0933891,93280000,6.634,03173,SR 704,,R RIGHT,4 THRU LANE 4,E EAST,30 URBAN 6+LN 2WY DIVD RASD,05 LOCAL,02 INTERSECTION,01 ON ROADWAY,02 FOUR-WAY INTERSECTION,03 CURB,34,"May 2, 2017",14 URBAN PRIN ART OTHER,43,PAVED,3,CURB&GUTTER,2,,0,19,45000,RCI,3.9,,45,1 NO INJURY,31 Q/C COMPLETED - LOC VERIFIED,0 NO,02 AT INTERSECTION,01 DAYLIGHT,01 CLEAR,01 DRY,01 LEVEL,1 STRAIGHT,"TWO-WAY, DIVIDED, POSITIVE MED","TWO-WAY, NOT DIVIDED",TRAFFIC CONTROL SIGNAL,TRAFFIC CONTROL SIGNAL,8,NONE,NOT CODED,NOT CODED,NONE,NOT CODED,NOT CODED,14 MOTOR VEHICLE IN TRANSPORT,03 ANGLE,01 STRAIGHT AHEAD,RAN RED LIGHT,NO CONTRIBUTING ACTION,00 NOT CODED,00 NOT CODED,00 NOT CODED,00 NOT CODED,01 NO,0,0,0,0,2,0,2,4,N,N,N,Y,N,N,N,N,N,N,N,N,N,N,N,N,N,N,N,N,N,N,N,N,N,N,26.706451016,-80.093470731,590176.093414,2954243.292414,R,,ARBM15Q1R2,"February 28, 2022",2342497,-8915964.67565244,3086844.92345115
2018871350200,2018,871350200,FHPL18OFF013281,FLORIDA HIGHWAY PATROL,04 FOURTH,PALM BEACH,"February 14, 2018",1329,THURSDAY,9394 WEST PALM BEACH,0694,N,I 95,45TH ST,0.5,N,26.7668965,-80.0944727,26.7636763,-80.092826,93220000,31.571,01191,SR 9,I 95,L LEFT,4 THRU LANE 4,S SOUTH,01 INTERSTATE URBAN,01 INTERSTATE,01 NON-JUNCTION,01 ON ROADWAY,01 NOT AT INTERSECTION,01 PAVED,34,"May 15, 2017",11 URBAN PRIN ART INT.,64,PAVED WARN,10,LAWN,12,,0,32,210000,RCI,7.4,,65,1 NO INJURY,31 Q/C COMPLETED - LOC VERIFIED,0 NO,01 NOT AT INTERSECTION/RRX/BRIDGE,01 DAYLIGHT,01 CLEAR,01 DRY,01 LEVEL,1 STRAIGHT,"TWO-WAY, DIVIDED, POSITIVE MED","TWO-WAY, DIVIDED, POSITIVE MED",NO CONTROLS,NO CONTROLS,10,NONE,NOT CODED,NOT CODED,NONE,NOT CODED,NOT CODED,14 MOTOR VEHICLE IN TRANSPORT,"04 SIDESWIPE, SAME DIRECTION",01 STRAIGHT AHEAD,OTHER CONTRIBUTING ACTION,OTHER CONTRIBUTING ACTION,00 NOT CODED,00 NOT CODED,00 NOT CODED,00 NOT CODED,01 NO,0,0,0,0,2,0,2,2,N,N,N,N,Y,N,N,N,N,N,N,N,N,N,N,N,N,N,N,N,Y,N,N,N,N,N,26.7634976,-80.09308528,590169.440298,2960562.236598,L,,ARBM15Q1R2,"February 28, 2022",2342562,-8915921.767539604,3093955.4604149763
2018854956330,2018,854956330,FHPK18OFF062223,FLORIDA HIGHWAY PATROL,08 TURNPIKE,PALM BEACH,"August 21, 2018",2323,WEDNESDAY,9394 WEST PALM BEACH,0694,N,SR 91,MILE MARKER #103,0,,26.75113,-80.1343099,26.7500269,-80.1343635,93470000,29.82,01452,SR 91,,R RIGHT,1 THRU LANE 1,N NORTH,03 TOLL ROAD URBAN,06 TURNPIKE/TOLL,01 NON-JUNCTION,01 ON ROADWAY,01 NOT AT INTERSECTION,01 PAVED,35,"June 14, 2016",12 URBAN PRIN ART EXPR.,24,PAVED WARN,7,VALLEY GUTR,3.5,,0,20,72300,RCI,14.3,,70,2 POSSIBLE INJURY,31 Q/C COMPLETED - LOC VERIFIED,0 NO,01 NOT AT INTERSECTION/RRX/BRIDGE,03 DAWN,01 CLEAR,01 DRY,01 LEVEL,1 STRAIGHT,"TWO-WAY, DIVIDED, POSITIVE MED","TWO-WAY, DIVIDED, POSITIVE MED",NO CONTROLS,NO CONTROLS,4,NONE,NOT CODED,NOT CODED,NONE,NOT CODED,NOT CODED,14 MOTOR VEHICLE IN TRANSPORT,01 FRONT TO REAR,01 STRAIGHT AHEAD,OPERATED MV IN CARLESS OR NEGL,NOT CODED,00 NOT CODED,00 NOT CODED,00 NOT CODED,00 NOT CODED,01 NO,1,0,0,0,1,0,2,1,N,N,N,N,Y,N,N,N,N,N,N,N,N,N,N,N,N,N,N,N,N,N,N,N,N,N,26.749919865,-80.134369383,586074.832191,2959029.731821,R,,ARBM15Q1R2,"February 28, 2022",2342684,-8920517.494134791,3092262.748257314
2018877861680,2018,877861680,20180003860,COUNTY SHERIFF'S OFFICE,04 FOURTH,PALM BEACH,"March 2, 2018",1617,SATURDAY,9394 WEST PALM BEACH,0694,Y,QUADRILLE BLVD N,3RD ST,0.009,S,0,0,26.7161317,-80.054921,93020100,0.725,02398,SR 5,US 1,R RIGHT,1 THRU LANE 1,S SOUTH,11 URBAN 2-3LN 2WY DIVD PAVD,05 LOCAL,02 INTERSECTION,01 ON ROADWAY,02 FOUR-WAY INTERSECTION,01 PAVED,41,"June 13, 2016",17 URBAN MAJOR COLLECTOR,11,PAVED WARN,12,CURB&GUTTER,2,,0,12,11100,RCI,2.6,,30,3 NO-INCAPACITATING INJURY,31 Q/C COMPLETED - LOC VERIFIED,0 NO,03 INFLUENCED BY INTERSECTION,01 DAYLIGHT,01 CLEAR,01 DRY,01 LEVEL,1 STRAIGHT,"TWO-WAY, DIVIDED, UNPROTECTED","TWO-WAY, DIVIDED, UNPROTECTED",OTHER (SEE NARRATIVE),OTHER (SEE NARRATIVE),2,NONE,NOT CODED,NOT CODED,NONE,NOT CODED,NOT CODED,14 MOTOR VEHICLE IN TRANSPORT,01 FRONT TO REAR,01 STRAIGHT AHEAD,FOLLOWED TOO CLOSELY,FOLLOWED TOO CLOSELY,00 NOT CODED,00 NOT CODED,00 NOT CODED,00 NOT CODED,01 NO,1,0,0,0,3,0,3,12,N,N,N,Y,N,N,N,N,N,N,N,N,N,N,N,N,N,N,N,N,N,N,N,N,N,N,26.716132133,-80.054917422,594003.398665,2955343.462587,C,,ARBM15Q1R2,"February 28, 2022",2342955,-8911672.939588716,3088051.3694258207
2018877861780,2018,877861780,20180003885,COUNTY SHERIFF'S OFFICE,04 FOURTH,PALM BEACH,"March 3, 2018",0336,SUNDAY,9394 WEST PALM BEACH,0694,Y,OKEECHOBEE BLVD,PALM BEACH LAKES BLVD,0.189,W,0,0,26.7067485,-80.1033118,93280000,6.021,04615,SR 704,,M MEDIAN,M MIDDLE,E EAST,30 URBAN 6+LN 2WY DIVD RASD,03 STATE,01 NON-JUNCTION,04 MEDIAN,01 NOT AT INTERSECTION,03 CURB,34,"May 2, 2017",14 URBAN PRIN ART OTHER,43,PAVED,3,CURB&GUTTER,2,,0,19,68500,RCI,2.3,,45,1 NO INJURY,31 Q/C COMPLETED - LOC VERIFIED,0 NO,01 NOT AT INTERSECTION/RRX/BRIDGE,04 DARK-LIGHTED,01 CLEAR,01 DRY,01 LEVEL,1 STRAIGHT,"TWO-WAY, DIVIDED, POSITIVE MED",,NO CONTROLS,NOT CODED,8,NONE,NOT CODED,NOT CODED,NONE,NOT CODED,NOT CODED,24 CURB,03 ANGLE,16 LEAVING TRAFFIC LANE,FAILED TO KEEP IN PROPER LANE,NOT CODED,00 NOT CODED,00 NOT CODED,00 NOT CODED,00 NOT CODED,01 NO,0,0,0,0,1,0,1,1,N,N,N,N,Y,N,N,N,N,N,N,N,N,N,N,N,N,N,N,N,N,N,N,N,N,N,26.706690272,-80.103408391,589187.319538,2954262.801416,R,,ARBM15Q1R2,"February 28, 2022",2342957,-8917070.931230776,3086874.737825424
2018855651470,2018,855651470,FHPL18OFF003423,FLORIDA HIGHWAY PATROL,04 FOURTH,PALM BEACH,"January 11, 2018",0655,FRIDAY,9394 WEST PALM BEACH,0694,N,I 95,PALM BEACH LAKES BLVD,1.4,N,26.7341167,-80.0911806,26.7394718,-80.0905614,93220000,29.875,01220,SR 9,I 95,L LEFT,2 THRU LANE 2,S SOUTH,01 INTERSTATE URBAN,01 INTERSTATE,01 NON-JUNCTION,01 ON ROADWAY,01 NOT AT INTERSECTION,01 PAVED,34,"May 15, 2017",11 URBAN PRIN ART INT.,78,PAVED WARN,11,LAWN,12,,0,32,210000,RCI,7.4,,65,3 NO-INCAPACITATING INJURY,31 Q/C COMPLETED - LOC VERIFIED,0 NO,01 NOT AT INTERSECTION/RRX/BRIDGE,03 DAWN,02 CLOUDY,02 WET,01 LEVEL,1 STRAIGHT,"TWO-WAY, DIVIDED, POSITIVE MED","TWO-WAY, DIVIDED, POSITIVE MED",NO CONTROLS,NO CONTROLS,11,NONE,NOT CODED,NOT CODED,NONE,NOT CODED,NOT CODED,14 MOTOR VEHICLE IN TRANSPORT,01 FRONT TO REAR,88 UNKNOWN,OTHER CONTRIBUTING ACTION,NO CONTRIBUTING ACTION,00 NOT CODED,00 NOT CODED,00 NOT CODED,00 NOT CODED,01 NO,2,0,0,0,2,0,2,2,N,N,N,N,Y,N,N,N,N,N,N,N,N,N,N,N,N,N,N,N,N,N,N,N,N,N,26.739272933,-80.090886815,590407.197572,2957880.584122,L,,ARBM15Q1R2,"February 28, 2022",2343323,-8915677.035394557,3090935.555793184
2018855685310,2018,855685310,FHPL18OFF048827,FLORIDA HIGHWAY PATROL,04 FOURTH,PALM BEACH,"June 10, 2018",1503,MONDAY,9394 WEST PALM BEACH,0694,Y,I 95,PALM BEACH LAKES BLVD,0.095,N,26.7251291,-80.0913227,26.4728365,-80.0883579,93220000,10.719,05030,SR 9,I 95,R RIGHT,S SIDE OF ROAD,N NORTH,01 INTERSTATE URBAN,01 INTERSTATE,01 NON-JUNCTION,01 ON ROADWAY,01 NOT AT INTERSECTION,01 PAVED,35,"May 15, 2017",11 URBAN PRIN ART INT.,64,PAVED WARN,8,VALLEY GUTR,3,,0,32,199727,RCI,6.1,,65,1 NO INJURY,31 Q/C COMPLETED - LOC VERIFIED,0 NO,01 NOT AT INTERSECTION/RRX/BRIDGE,01 DAYLIGHT,02 CLOUDY,02 WET,01 LEVEL,1 STRAIGHT,"TWO-WAY, DIVIDED, POSITIVE MED",,NO CONTROLS,NOT CODED,10,NONE,NOT CODED,NOT CODED,NONE,NOT CODED,NOT CODED,09 OTHER NON-COLLISION,77 OTHER (SEE NARRATIVE),77 OTHER (SEE NARRATIVE),NO CONTRIBUTING ACTION,NOT CODED,00 NOT CODED,00 NOT CODED,00 NOT CODED,00 NOT CODED,01 NO,0,0,0,0,1,0,1,1,N,N,Y,N,Y,N,N,N,N,N,N,N,N,N,N,N,N,N,N,N,N,N,N,N,N,N,26.472480652,-80.088520263,590853.103003,2928331.956933,R,,ARBM15Q1R2,"February 28, 2022",2343324,-8915413.591120785,3057718.9647464366
2018815113860,2018,815113860,18137316,CITY POLICE DEPARTMENT,04 FOURTH,PALM BEACH,"October 24, 2018",2254,THURSDAY,9394 WEST PALM BEACH,0694,N,MILITARY TRL S,FOREST HILL BLVD,0.003,N,0,0,26.6516292,-80.11237,93070000,22.692,02007,SR 809,,L LEFT,1 THRU LANE 1,S SOUTH,30 URBAN 6+LN 2WY DIVD RASD,03 STATE,01 NON-JUNCTION,01 ON ROADWAY,01 NOT AT INTERSECTION,01 PAVED,32,"May 1, 2017",14 URBAN PRIN ART OTHER,33,PAVED,4,CURB&GUTTER,2,,0,15,42000,RCI,2.9,,40,2 POSSIBLE INJURY,31 Q/C COMPLETED - LOC VERIFIED,0 NO,03 INFLUENCED BY INTERSECTION,04 DARK-LIGHTED,01 CLEAR,01 DRY,01 LEVEL,1 STRAIGHT,"TWO-WAY, DIVIDED, POSITIVE MED","TWO-WAY, DIVIDED, POSITIVE MED",TRAFFIC CONTROL SIGNAL,TRAFFIC CONTROL SIGNAL,6,NONE,NOT CODED,NOT CODED,NONE,NOT CODED,NOT CODED,14 MOTOR VEHICLE IN TRANSPORT,01 FRONT TO REAR,01 STRAIGHT AHEAD,NO CONTRIBUTING ACTION,FAILED TO KEEP IN PROPER LANE,00 NOT CODED,00 NOT CODED,00 NOT CODED,00 NOT CODED,01 NO,1,0,0,0,2,0,2,2,N,N,N,Y,N,N,N,N,N,N,N,N,N,N,N,N,N,N,N,N,N,N,N,N,N,N,26.651640896,-80.112497319,588325.576082,2948159.086582,L,,ARBM15Q1R2,"February 28, 2022",2343344,-8918082.706149386,3080016.503319257
2018877859530,2018,877859530,20180003198,COUNTY SHERIFF'S OFFICE,04 FOURTH,PALM BEACH,"February 21, 2018",0758,THURSDAY,9394 WEST PALM BEACH,0694,Y,SR 80,PARKER AVE,0,,0,0,26.6758783,-80.063105,93120000,20.364,00374,SR 80,US 98,I INTERSECTION,M MIDDLE,S SOUTH,21 URBAN 4-5LN 2WY DIVD PAVD,05 LOCAL,02 INTERSECTION,01 ON ROADWAY,02 FOUR-WAY INTERSECTION,03 CURB,41,"June 5, 2018",16 URBAN MINOR ART,22,RAISED CURB,0,,0,,0,12,31500,RCI,4,,35,1 NO INJURY,31 Q/C COMPLETED - LOC VERIFIED,0 NO,02 AT INTERSECTION,01 DAYLIGHT,01 CLEAR,01 DRY,01 LEVEL,1 STRAIGHT,"TWO-WAY, NOT DIVIDED","TWO-WAY, NOT DIVIDED",TRAFFIC CONTROL SIGNAL,TRAFFIC CONTROL SIGNAL,4,NONE,NONE,NONE,NONE,NONE,NONE,14 MOTOR VEHICLE IN TRANSPORT,03 ANGLE,01 STRAIGHT AHEAD,RAN RED LIGHT,NO CONTRIBUTING ACTION,00 NOT CODED,00 NOT CODED,00 NOT CODED,00 NOT CODED,01 NO,0,0,0,0,2,0,2,2,N,N,N,Y,N,N,N,N,N,N,N,N,N,N,N,N,N,N,N,N,N,Y,Y,N,N,N,26.675932525,-80.063255562,593206.701991,2950884.696254,C,,ARBM15Q1R2,"February 28, 2022",2343555,-8912601.137340672,3083042.4273770554