Crash Id,Calendar Year,FDOT Crash Number,Reporting Agency Case Number,Reporting Agency Type,FDOT Managing District,County Name,Crash Date,Crash Time,Day,DHSMV City,Crash Report City Code,In Town,On Roadway Name,Int Roadway Name,Reference Distance (Miles),Reference Direction,Officer Latitude,Officer Longitude,FDOT Latitude,FDOT Longitude,FDOT Roadway,Nearest Inventory MP,Nearest Node From Crash,State Road #,US Highway,Crash Side of Road,Accident Lane Number,Travel Direction Vehicle 1,FDOT Road Category,DHSMV Road System Id,Relation to Junction,Crash Harmful Event Location,Intersection Type,Shoulder Type,FDOT Roadway SKID Test Result,FDOT Roadway SKID Test Date,Functional Class,RCI Surface Width,RCI Shoulder Type First,RCI Shoulder Width First,RCI Shoulder Type Second,RCI Shoulder Width Second,RCI Shoulder Type Third,RCI Shoulder Width Third,RCI Median Width,Avg Daily Traffic,AADT Source,RCI Avg Per Truck Traffic,RCI Horiz Curve Condition,Posted Speed Limit,Highest Injury in Crash,CAR Status Code,Alcohols/Drug Involved,Site Location,Lighting,Weather,Road Surface,Roadway Grade,Roadway Alignment,Traffic Way Vehicle 1,Traffic Way Vehicle 2,Traffic Control Vehicle 1,Traffic Control Vehicle 2,Count of Lanes,Road Condition 1,Road Condition 2,Road Condition 3,Environment Condition 1,Environment Condition 2,Environment Condition 3,Crash Harmful Event,Manner of Collision,Vehicle Movement,Driver Action Vehicle 1,Driver Action Vehicle 2,Location Within Workzone,Type of Workzone,Workers Present in Workzone,Law Enforcement Present in Workzone,School Bus Related,Count of Nonfatal Injuries,Count of Traffic Fatalities,Count of Serious Injuries,Count of Pedestrians,Count of Drivers,Count of Bicyclists,Count of Vehicles,Count of Persons,Wrong Way,Workzone Inv,Commercial Vehicle Inv,Intersection Inv,Lane Departure,Speeding,Agressive Driving,Impaired Driver,Impaired Pedestrian,Impaired Bicyclist,Distracted Driver,Speeding or Aggressive Driving,Pedestrian Related,Bicyclist Related,Pedestrian or Bicyclist Related,Motorcycle Inv,No Belt,No Belt - Ages 1-4,No Belt - Ages 5-12,No Belt - Ages 13-17,Driver - Ages Teen,Driver - Ages 65 plus,Driver - Ages 65-69,Driver - Ages 70-74,Driver - Ages 75-79,Driver - Ages 80 plus,ARBM Latitude,ARBM Longitude,UTM Zone 17N X,UTM Zone 17N Y,ARBM Side of Road,Urban Rural Indicator,GIS Street Source,Extract Date,OBJECTID,x,y
2018871282460,2018,871282460,FHPL18OFF007060,FLORIDA HIGHWAY PATROL,04 FOURTH,PALM BEACH,"January 23, 2018",1103,WEDNESDAY,9394 WEST PALM BEACH,0694,N,I 95,45TH ST,0.05,S,26.765008,-80.0931955,26.7555756,-80.0899599,93220000,30.985,01189,SR 9,I 95,L LEFT,S SIDE OF ROAD,S SOUTH,01 INTERSTATE URBAN,01 INTERSTATE,14 ENTRANCE/EXIT RAMP,02 OFF ROADWAY,01 NOT AT INTERSECTION,01 PAVED,34,"May 15, 2017",11 URBAN PRIN ART INT.,64,PAVED WARN,10,,0,,0,32,210000,RCI,7.4,1D1500,65,1 NO INJURY,31 Q/C COMPLETED - LOC VERIFIED,0 NO,01 NOT AT INTERSECTION/RRX/BRIDGE,01 DAYLIGHT,01 CLEAR,01 DRY,01 LEVEL,1 STRAIGHT,"TWO-WAY, DIVIDED, POSITIVE MED",,NO CONTROLS,NOT CODED,10,NONE,NOT CODED,NOT CODED,NONE,NOT CODED,NOT CODED,37 FENCE,77 OTHER (SEE NARRATIVE),77 OTHER (SEE NARRATIVE),OTHER CONTRIBUTING ACTION,NOT CODED,00 NOT CODED,00 NOT CODED,00 NOT CODED,00 NOT CODED,01 NO,0,0,0,0,1,0,1,1,N,N,N,N,Y,N,N,N,N,N,N,N,N,N,N,N,N,N,N,N,N,N,N,N,N,N,26.755387882,-80.090236779,590459.087304,2959665.995631,L,,ARBM15Q1R2,"February 28, 2022",2349313,-8915604.673819544,3092944.411981061
2018875799260,2018,875799260,20180001746,COUNTY SHERIFF'S OFFICE,04 FOURTH,PALM BEACH,"January 29, 2018",0312,TUESDAY,9394 WEST PALM BEACH,0694,Y,FOREST HILL BLVD,GARDEN AVE,0.002,E,0,0,26.6551877,-80.0605653,93016000,8.947,02427,SR 882,,L LEFT,S SIDE OF ROAD,E EAST,21 URBAN 4-5LN 2WY DIVD PAVD,03 STATE,01 NON-JUNCTION,02 OFF ROADWAY,01 NOT AT INTERSECTION,03 CURB,39,"May 8, 2018",16 URBAN MINOR ART,17,PAVED,1,RAISED CURB,0,,0,11,18300,RCI,3.7,,35,0 UNKNOWN/NOT CODED,31 Q/C COMPLETED - LOC VERIFIED,0 NO,01 NOT AT INTERSECTION/RRX/BRIDGE,04 DARK-LIGHTED,01 CLEAR,01 DRY,01 LEVEL,1 STRAIGHT,"TWO-WAY, NOT DIVIDED",,NO CONTROLS,NOT CODED,4,NONE,NOT CODED,NOT CODED,NONE,NOT CODED,NOT CODED,24 CURB,77 OTHER (SEE NARRATIVE),01 STRAIGHT AHEAD,NOT CODED,NOT CODED,00 NOT CODED,00 NOT CODED,00 NOT CODED,00 NOT CODED,01 NO,0,0,0,0,0,0,1,0,N,N,N,N,Y,N,N,N,N,N,N,N,N,N,N,N,N,N,N,N,N,N,N,N,N,N,26.655208587,-80.060557169,593492.100694,2948591.226184,C,,ARBM15Q1R2,"February 28, 2022",2349495,-8912300.75343695,3080460.877925555
2018875800640,2018,875800640,20180002203,COUNTY SHERIFF'S OFFICE,04 FOURTH,PALM BEACH,"February 5, 2018",1615,TUESDAY,9394 WEST PALM BEACH,0694,Y,NORTHLAKE BLVD,IBIS BLVD,0,E,0,0,26.811658,-80.205269,93680500,0.465,,,,I INTERSECTION,M MIDDLE,W WEST,,04 COUNTY,02 INTERSECTION,01 ON ROADWAY,03 T-INTERSECTION,03 CURB,0,"December 31, 2000",,,,0,,0,,0,,,RCI,0,,,1 NO INJURY,33 Q/C VERIFIED AS OFF-SYSTEM,0 NO,02 AT INTERSECTION,01 DAYLIGHT,02 CLOUDY,01 DRY,01 LEVEL,1 STRAIGHT,"TWO-WAY, DIVIDED, POSITIVE MED","TWO-WAY, DIVIDED, POSITIVE MED",TRAFFIC CONTROL SIGNAL,TRAFFIC CONTROL SIGNAL,,NONE,NOT CODED,NOT CODED,NONE,NOT CODED,NOT CODED,14 MOTOR VEHICLE IN TRANSPORT,03 ANGLE,03 TURNING LEFT,FAILED TO YIELD RIGHT-OF-WAY,NO CONTRIBUTING ACTION,00 NOT CODED,00 NOT CODED,00 NOT CODED,00 NOT CODED,01 NO,0,0,0,0,2,0,2,2,N,N,N,Y,N,N,N,N,N,N,N,N,N,N,N,N,N,N,N,N,Y,N,N,N,N,N,26.811655052,-80.205267288,578982.0076,2965821.6716,R,U,ARBM15Q1R2,"February 28, 2022",2349539,-8928409.815373015,3099960.7962831473
2018872034710,2018,872034710,FHPL18OFF046415,FLORIDA HIGHWAY PATROL,04 FOURTH,PALM BEACH,"June 1, 2018",1914,SATURDAY,9394 WEST PALM BEACH,0694,N,I 95,SOUTHERN BLVD,1,S,26.6576099,-80.0701899,26.6608841,-80.0705079,93220000,23.901,02262,SR 9,I 95,L LEFT,S SIDE OF ROAD,S SOUTH,01 INTERSTATE URBAN,01 INTERSTATE,01 NON-JUNCTION,01 ON ROADWAY,01 NOT AT INTERSECTION,01 PAVED,32,"May 15, 2017",11 URBAN PRIN ART INT.,64,PAVED WARN,8,VALLEY GUTR,3,,0,32,245000,RCI,7.4,0D3000,65,2 POSSIBLE INJURY,31 Q/C COMPLETED - LOC VERIFIED,0 NO,01 NOT AT INTERSECTION/RRX/BRIDGE,01 DAYLIGHT,01 CLEAR,01 DRY,01 LEVEL,1 STRAIGHT,"TWO-WAY, DIVIDED, POSITIVE MED","TWO-WAY, DIVIDED, POSITIVE MED",NO CONTROLS,NO CONTROLS,10,NONE,NOT CODED,NOT CODED,NONE,NOT CODED,NOT CODED,14 MOTOR VEHICLE IN TRANSPORT,01 FRONT TO REAR,16 LEAVING TRAFFIC LANE,OTHER CONTRIBUTING ACTION,NO CONTRIBUTING ACTION,00 NOT CODED,00 NOT CODED,00 NOT CODED,00 NOT CODED,01 NO,1,0,0,0,2,0,2,2,N,N,N,N,Y,N,N,N,N,N,N,N,N,N,N,N,N,N,N,N,N,N,N,N,N,N,26.66056144,-80.070797469,592468.631178,2949176.665748,L,,ARBM15Q1R2,"February 28, 2022",2349623,-8913440.698732227,3081127.629726253
2018871915050,2018,871915050,FHPK18OFF064463,FLORIDA HIGHWAY PATROL,08 TURNPIKE,PALM BEACH,"August 30, 2018",1936,FRIDAY,9394 WEST PALM BEACH,0694,N,SR 91,OKEECHOBEE BLVD,0.5,N,26.7106876,-80.1388845,26.7138394,-80.1372765,93470000,27.316,01486,SR 91,,M MEDIAN,M MIDDLE,N NORTH,03 TOLL ROAD URBAN,06 TURNPIKE/TOLL,01 NON-JUNCTION,01 ON ROADWAY,01 NOT AT INTERSECTION,01 PAVED,36,"June 14, 2016",12 URBAN PRIN ART EXPR.,24,PAVED WARN,10,LAWN,12,,0,20,72300,RCI,14.3,0D4000,70,1 NO INJURY,31 Q/C COMPLETED - LOC VERIFIED,0 NO,01 NOT AT INTERSECTION/RRX/BRIDGE,02 DUSK,01 CLEAR,01 DRY,01 LEVEL,1 STRAIGHT,"TWO-WAY, DIVIDED, POSITIVE MED",,NO CONTROLS,NOT CODED,4,NONE,NOT CODED,NOT CODED,NONE,NOT CODED,NOT CODED,30 CONCRETE TRAFFIC BARRIER,77 OTHER (SEE NARRATIVE),01 STRAIGHT AHEAD,NO CONTRIBUTING ACTION,NOT CODED,00 NOT CODED,00 NOT CODED,00 NOT CODED,00 NOT CODED,01 NO,0,0,0,0,1,0,1,1,N,N,N,N,Y,N,N,N,N,N,N,N,N,N,N,N,N,N,N,N,N,N,N,N,N,N,26.713744824,-80.137313824,585809.174864,2955020.905185,R,,ARBM15Q1R2,"February 28, 2022",2349645,-8920845.26777609,3087753.8568792613
2018872151250,2018,872151250,FHPL18OFF053467,FLORIDA HIGHWAY PATROL,04 FOURTH,PALM BEACH,"June 26, 2018",1443,WEDNESDAY,9394 WEST PALM BEACH,0694,Y,I 95,PALM BEACH LAKES BLVD,0.076,N,26.7173559,-80.0884498,26.7203848,-80.090311,93220000,28.551,06140,SR 9,I 95,L LEFT,5 THRU LANE 5,S SOUTH,01 INTERSTATE URBAN,01 INTERSTATE,01 NON-JUNCTION,01 ON ROADWAY,01 NOT AT INTERSECTION,01 PAVED,33,"May 15, 2017",11 URBAN PRIN ART INT.,64,PAVED,13,LAWN,12,,0,32,210000,RCI,7.4,1D3000,65,1 NO INJURY,31 Q/C COMPLETED - LOC VERIFIED,0 NO,01 NOT AT INTERSECTION/RRX/BRIDGE,01 DAYLIGHT,01 CLEAR,01 DRY,01 LEVEL,1 STRAIGHT,"TWO-WAY, DIVIDED, POSITIVE MED","TWO-WAY, DIVIDED, POSITIVE MED",NO CONTROLS,NO CONTROLS,10,NONE,NOT CODED,NOT CODED,NONE,NOT CODED,NOT CODED,05 CARGO/EQUIPMENT LOSS OR SHIFT,77 OTHER (SEE NARRATIVE),01 STRAIGHT AHEAD,OTHER CONTRIBUTING ACTION,NO CONTRIBUTING ACTION,00 NOT CODED,00 NOT CODED,00 NOT CODED,00 NOT CODED,01 NO,0,0,0,0,2,0,2,2,N,N,N,N,N,N,N,N,N,N,N,N,N,N,N,N,N,N,N,N,N,Y,Y,N,N,N,26.720186256,-80.090560696,590454.724694,2955766.711777,L,,ARBM15Q1R2,"February 28, 2022",2349715,-8915640.731955634,3088556.6182755088
2018871553080,2018,871553080,FHPL18OFF033533,FLORIDA HIGHWAY PATROL,04 FOURTH,PALM BEACH,"April 22, 2018",1254,MONDAY,9394 WEST PALM BEACH,0694,N,I 95,BLUE HERON BLVD,0.25,S,26.7749049,-80.0971297,26.7795173,-80.0988866,93220000,32.724,01214,SR 9,I 95,R RIGHT,3 THRU LANE 3,N NORTH,01 INTERSTATE URBAN,01 INTERSTATE,01 NON-JUNCTION,01 ON ROADWAY,01 NOT AT INTERSECTION,01 PAVED,34,"May 15, 2017",11 URBAN PRIN ART INT.,64,PAVED WARN,11,,0,,0,32,210000,RCI,7.4,2D0000,65,1 NO INJURY,31 Q/C COMPLETED - LOC VERIFIED,0 NO,01 NOT AT INTERSECTION/RRX/BRIDGE,01 DAYLIGHT,02 CLOUDY,02 WET,01 LEVEL,1 STRAIGHT,"TWO-WAY, DIVIDED, POSITIVE MED","TWO-WAY, DIVIDED, POSITIVE MED",NO CONTROLS,NO CONTROLS,10,NONE,NOT CODED,NOT CODED,WEATHER CONDITIONS,NOT CODED,NOT CODED,14 MOTOR VEHICLE IN TRANSPORT,01 FRONT TO REAR,77 OTHER (SEE NARRATIVE),OTHER CONTRIBUTING ACTION,OTHER CONTRIBUTING ACTION,00 NOT CODED,00 NOT CODED,00 NOT CODED,00 NOT CODED,01 NO,0,0,0,0,2,0,2,3,N,N,N,N,N,N,N,N,N,N,N,N,N,N,N,N,N,N,N,N,Y,N,N,N,N,N,26.77938159,-80.09890575,589578.250545,2962317.495846,R,,ARBM15Q1R2,"February 28, 2022",2349783,-8916569.699632056,3095935.945986001
2018875797580,2018,875797580,20180001125,COUNTY SHERIFF'S OFFICE,04 FOURTH,PALM BEACH,"January 18, 2018",1444,FRIDAY,9394 WEST PALM BEACH,0694,Y,PALM BEACH LAKES BLVD,EXECUTIVE CENTER DR,0.114,W,0,0,26.719781,-80.088717,93014500,1.173,,,,R RIGHT,2 THRU LANE 2,0,,04 COUNTY,01 NON-JUNCTION,01 ON ROADWAY,01 NOT AT INTERSECTION,03 CURB,0,"December 31, 2000",,,,0,,0,,0,,,RCI,0,,,1 NO INJURY,33 Q/C VERIFIED AS OFF-SYSTEM,0 NO,01 NOT AT INTERSECTION/RRX/BRIDGE,01 DAYLIGHT,02 CLOUDY,01 DRY,00 NOT CODED,0 NOT CODED,NOT CODED,"TWO-WAY, DIVIDED, POSITIVE MED",NOT CODED,NO CONTROLS,,NONE,NOT CODED,NOT CODED,NONE,NOT CODED,NOT CODED,14 MOTOR VEHICLE IN TRANSPORT,01 FRONT TO REAR,00 NOT CODED,NOT CODED,NO CONTRIBUTING ACTION,00 NOT CODED,00 NOT CODED,00 NOT CODED,00 NOT CODED,01 NO,0,0,0,0,2,0,3,2,N,N,N,N,N,N,N,N,N,N,N,N,N,N,N,N,N,N,N,N,N,Y,Y,N,N,N,26.71978106,-80.088717086,590638.424284,2955723.141178,R,U,ARBM15Q1R2,"February 28, 2022",2350052,-8915435.502096836,3088506.119546557
2018875799440,2018,875799440,20180001804,COUNTY SHERIFF'S OFFICE,04 FOURTH,PALM BEACH,"January 30, 2018",0540,WEDNESDAY,9394 WEST PALM BEACH,0694,Y,LAKE AVE,EL VEDADO,0.009,N,0,0,26.681426,-80.060685,93000043,0.385,,,,L LEFT,1 THRU LANE 1,S SOUTH,,05 LOCAL,01 NON-JUNCTION,01 ON ROADWAY,01 NOT AT INTERSECTION,03 CURB,0,"December 31, 2000",,,,0,,0,,0,,,RCI,0,,,2 POSSIBLE INJURY,33 Q/C VERIFIED AS OFF-SYSTEM,1 ALC,01 NOT AT INTERSECTION/RRX/BRIDGE,04 DARK-LIGHTED,01 CLEAR,01 DRY,01 LEVEL,1 STRAIGHT,"TWO-WAY, NOT DIVIDED","TWO-WAY, NOT DIVIDED",NO CONTROLS,NO CONTROLS,,NONE,NOT CODED,NOT CODED,NONE,NOT CODED,NOT CODED,15 PARKED MOTOR VEHICLE,01 FRONT TO REAR,01 STRAIGHT AHEAD,OPERATED MV IN CARLESS OR NEGL,NOT CODED,00 NOT CODED,00 NOT CODED,00 NOT CODED,00 NOT CODED,01 NO,1,0,0,0,1,0,2,2,N,N,Y,N,Y,N,N,Y,N,N,N,N,N,N,N,N,N,N,N,N,N,N,N,N,N,N,26.681425967,-80.060683526,593458.15589,2951495.048285,C,U,ARBM15Q1R2,"February 28, 2022",2350102,-8912314.81949708,3083726.8157059345
2018875801280,2018,875801280,20180002416,COUNTY SHERIFF'S OFFICE,04 FOURTH,PALM BEACH,"February 8, 2018",2057,FRIDAY,9394 WEST PALM BEACH,0694,Y,OKEECHOBEE BLVD,CONGRESS AVE,0.002,E,0,0,26.7062829,-80.0862206,93280000,7.077,01744,SR 704,,L LEFT,4 THRU LANE 4,0,30 URBAN 6+LN 2WY DIVD RASD,03 STATE,01 NON-JUNCTION,01 ON ROADWAY,01 NOT AT INTERSECTION,03 CURB,34,"May 2, 2017",14 URBAN PRIN ART OTHER,43,PAVED,3,CURB&GUTTER,2,,0,31,45000,RCI,3.9,,45,1 NO INJURY,31 Q/C COMPLETED - LOC VERIFIED,0 NO,03 INFLUENCED BY INTERSECTION,04 DARK-LIGHTED,01 CLEAR,01 DRY,00 NOT CODED,0 NOT CODED,NOT CODED,"TWO-WAY, DIVIDED, POSITIVE MED",NOT CODED,TRAFFIC CONTROL SIGNAL,8,NONE,NOT CODED,NOT CODED,NONE,NOT CODED,NOT CODED,14 MOTOR VEHICLE IN TRANSPORT,01 FRONT TO REAR,00 NOT CODED,NOT CODED,NO CONTRIBUTING ACTION,00 NOT CODED,00 NOT CODED,00 NOT CODED,00 NOT CODED,01 NO,0,0,0,0,1,0,2,4,N,N,N,Y,N,N,N,N,N,N,N,N,N,N,N,N,N,N,N,N,N,Y,N,N,N,Y,26.706464091,-80.086018475,590917.426373,2954250.034179,L,,ARBM15Q1R2,"February 28, 2022",2350103,-8915135.09399017,3086846.5527874287
2018872093620,2018,872093620,FHPL18OFF033543,FLORIDA HIGHWAY PATROL,04 FOURTH,PALM BEACH,"April 22, 2018",1351,MONDAY,9394 WEST PALM BEACH,0694,Y,I 95,OKEECHOBEE BLVD,0,,26.703246,-80.0738593,26.7032898,-80.0740084,93220148,0.562,02225,SR 9,I 95,L LEFT,X RAMP,S SOUTH,07 RAMP URBAN,01 INTERSTATE,01 NON-JUNCTION,01 ON ROADWAY,01 NOT AT INTERSECTION,01 PAVED,0,"December 31, 2000",,24,PAVED,6,LAWN,12,,0,,11500,RCI,3.9,,,2 POSSIBLE INJURY,31 Q/C COMPLETED - LOC VERIFIED,0 NO,07 ENTRANCE RAMP,01 DAYLIGHT,02 CLOUDY,02 WET,01 LEVEL,1 STRAIGHT,"TWO-WAY, DIVIDED, POSITIVE MED","TWO-WAY, DIVIDED, POSITIVE MED",NO CONTROLS,NO CONTROLS,2,NONE,NOT CODED,NOT CODED,NONE,NOT CODED,NOT CODED,14 MOTOR VEHICLE IN TRANSPORT,01 FRONT TO REAR,77 OTHER (SEE NARRATIVE),OPERATED MV IN CARLESS OR NEGL,NO CONTRIBUTING ACTION,00 NOT CODED,00 NOT CODED,00 NOT CODED,00 NOT CODED,01 NO,3,0,0,0,3,0,3,3,N,N,N,N,N,N,N,N,N,N,N,N,N,N,N,N,N,N,N,N,N,N,N,N,N,N,26.703277164,-80.074030448,592112.5496,2953905.6462,O,,ARBM15Q1R2,"February 28, 2022",2350280,-8913800.59256576,3086449.425277447
2018875797620,2018,875797620,20180001134,COUNTY SHERIFF'S OFFICE,04 FOURTH,PALM BEACH,"January 18, 2018",1745,FRIDAY,9394 WEST PALM BEACH,0694,Y,PALM BEACH LAKES BLVD,7TH ST,0,E,0,0,26.724926,-80.075522,93014500,2.14,,,,I INTERSECTION,M MIDDLE,W WEST,,04 COUNTY,02 INTERSECTION,01 ON ROADWAY,02 FOUR-WAY INTERSECTION,03 CURB,0,"December 31, 2000",,,,0,,0,,0,,,RCI,0,,,2 POSSIBLE INJURY,33 Q/C VERIFIED AS OFF-SYSTEM,0 NO,02 AT INTERSECTION,04 DARK-LIGHTED,02 CLOUDY,01 DRY,01 LEVEL,1 STRAIGHT,"TWO-WAY, DIVIDED, POSITIVE MED","TWO-WAY, DIVIDED, POSITIVE MED",TRAFFIC CONTROL SIGNAL,TRAFFIC CONTROL SIGNAL,,NONE,NOT CODED,NOT CODED,NONE,NOT CODED,NOT CODED,14 MOTOR VEHICLE IN TRANSPORT,03 ANGLE,03 TURNING LEFT,FAILED TO YIELD RIGHT-OF-WAY,NO CONTRIBUTING ACTION,00 NOT CODED,00 NOT CODED,00 NOT CODED,00 NOT CODED,01 NO,1,0,0,0,2,0,2,2,N,N,N,Y,N,N,N,N,N,N,N,N,N,N,N,N,N,N,N,N,N,Y,Y,N,N,N,26.724925071,-80.075517328,591947.238,2956302.3679,R,U,ARBM15Q1R2,"February 28, 2022",2350610,-8913966.1113587,3089147.2205512105
2018875802180,2018,875802180,20180002751,COUNTY SHERIFF'S OFFICE,04 FOURTH,PALM BEACH,"February 14, 2018",1246,THURSDAY,9394 WEST PALM BEACH,0694,Y,24TH ST,BROADWAY,0.095,E,0,0,26.7356705,-80.0560142,93020002,0.095,04006,SR 5,US 1,L LEFT,P PARKING,W WEST,12 URBAN 2-3LN 2WY UNDIVD,05 LOCAL,01 NON-JUNCTION,01 ON ROADWAY,01 NOT AT INTERSECTION,03 CURB,49,"June 13, 2016",17 URBAN MAJOR COLLECTOR,23,PAVED,7,CURB&GUTTER,2,,0,,18900,RCI,2.4,,30,1 NO INJURY,31 Q/C COMPLETED - LOC VERIFIED,0 NO,01 NOT AT INTERSECTION/RRX/BRIDGE,01 DAYLIGHT,02 CLOUDY,01 DRY,01 LEVEL,1 STRAIGHT,"TWO-WAY, NOT DIVIDED","TWO-WAY, NOT DIVIDED",NO CONTROLS,NO CONTROLS,2,NONE,NOT CODED,NOT CODED,NONE,NOT CODED,NOT CODED,15 PARKED MOTOR VEHICLE,"04 SIDESWIPE, SAME DIRECTION",01 STRAIGHT AHEAD,NO CONTRIBUTING ACTION,NOT CODED,00 NOT CODED,00 NOT CODED,00 NOT CODED,00 NOT CODED,01 NO,0,0,0,0,1,0,2,1,N,N,Y,N,Y,N,N,N,N,N,N,N,N,N,N,N,N,N,N,N,N,N,N,N,N,N,26.735678553,-80.056011423,593878.533756,2957507.694045,C,,ARBM15Q1R2,"February 28, 2022",2350613,-8911794.723290099,3090487.526680594
2018875800990,2018,875800990,20180002322,COUNTY SHERIFF'S OFFICE,04 FOURTH,PALM BEACH,"February 7, 2018",1104,THURSDAY,9394 WEST PALM BEACH,0694,Y,N FLAGLER DR,PINE ST,0,E,0,0,26.730056,-80.049706,93000045,1.806,,,,I INTERSECTION,M MIDDLE,E EAST,,05 LOCAL,03 INTERSECTION-RELATED,01 ON ROADWAY,03 T-INTERSECTION,03 CURB,0,"December 31, 2000",,,,0,,0,,0,,,RCI,0,,,1 NO INJURY,33 Q/C VERIFIED AS OFF-SYSTEM,0 NO,03 INFLUENCED BY INTERSECTION,01 DAYLIGHT,02 CLOUDY,01 DRY,01 LEVEL,1 STRAIGHT,"TWO-WAY, NOT DIVIDED","TWO-WAY, NOT DIVIDED",STOP SIGN,STOP SIGN,,NONE,NOT CODED,NOT CODED,NONE,NOT CODED,NOT CODED,14 MOTOR VEHICLE IN TRANSPORT,03 ANGLE,13 STOPPED IN TRAFFIC,IMPROPER PASSING,NO CONTRIBUTING ACTION,00 NOT CODED,00 NOT CODED,00 NOT CODED,00 NOT CODED,01 NO,0,0,0,0,2,0,2,3,N,N,Y,Y,N,N,N,N,N,N,N,N,N,N,N,N,N,N,N,N,N,N,N,N,N,N,26.730056227,-80.049707014,594510.180626,2956889.605164,C,U,ARBM15Q1R2,"February 28, 2022",2350681,-8911092.919612996,3089786.748355611
2018872127680,2018,872127680,FHPL18OFF055645,FLORIDA HIGHWAY PATROL,04 FOURTH,PALM BEACH,"July 3, 2018",1924,WEDNESDAY,9394 WEST PALM BEACH,0694,N,SR 9,NORTHLAKE BLVD,0.1,N,26.8124566,-80.097827,26.8106341,-80.0980044,93220000,34.867,01209,SR 9,I 95,R RIGHT,3 THRU LANE 3,N NORTH,01 INTERSTATE URBAN,01 INTERSTATE,01 NON-JUNCTION,01 ON ROADWAY,01 NOT AT INTERSECTION,01 PAVED,34,"May 15, 2017",11 URBAN PRIN ART INT.,64,PAVED WARN,10,,0,,0,32,177500,RCI,7.4,,65,1 NO INJURY,31 Q/C COMPLETED - LOC VERIFIED,0 NO,01 NOT AT INTERSECTION/RRX/BRIDGE,04 DARK-LIGHTED,03 RAIN,02 WET,01 LEVEL,1 STRAIGHT,"TWO-WAY, DIVIDED, POSITIVE MED","TWO-WAY, DIVIDED, POSITIVE MED",NO CONTROLS,NO CONTROLS,10,"RD SURFC (WET, ICY, SNOW, ETC)",NOT CODED,NOT CODED,WEATHER CONDITIONS,NOT CODED,NOT CODED,09 OTHER NON-COLLISION,"04 SIDESWIPE, SAME DIRECTION",06 CHANGING LANES,FAILED TO KEEP IN PROPER LANE,NO CONTRIBUTING ACTION,00 NOT CODED,00 NOT CODED,00 NOT CODED,00 NOT CODED,01 NO,0,0,0,0,2,0,2,4,N,N,N,N,Y,N,N,N,N,N,N,N,N,N,N,N,N,N,N,N,N,N,N,N,N,N,26.810520864,-80.098027104,589641.122329,2965767.231466,R,,ARBM15Q1R2,"February 28, 2022",2350754,-8916471.889205355,3099819.3316059085
2018875802960,2018,875802960,20180002982,COUNTY SHERIFF'S OFFICE,04 FOURTH,PALM BEACH,"February 18, 2018",0750,MONDAY,9394 WEST PALM BEACH,0694,Y,BROADWAY AVE,44TH ST,0.005,S,0,0,26.7522022,-80.0562173,93020000,11.369,00768,SR 5,US 1,L LEFT,1 THRU LANE 1,N NORTH,21 URBAN 4-5LN 2WY DIVD PAVD,03 STATE,01 NON-JUNCTION,01 ON ROADWAY,01 NOT AT INTERSECTION,03 CURB,43,"June 13, 2016",16 URBAN MINOR ART,21,CURB&GUTTER,2,,0,,0,17,24500,RCI,8.8,,35,1 NO INJURY,31 Q/C COMPLETED - LOC VERIFIED,0 NO,01 NOT AT INTERSECTION/RRX/BRIDGE,01 DAYLIGHT,01 CLEAR,01 DRY,01 LEVEL,1 STRAIGHT,"TWO-WAY, NOT DIVIDED","TWO-WAY, NOT DIVIDED",NO CONTROLS,NO CONTROLS,4,NONE,NOT CODED,NOT CODED,NONE,NOT CODED,NOT CODED,14 MOTOR VEHICLE IN TRANSPORT,03 ANGLE,03 TURNING LEFT,FAILED TO YIELD RIGHT-OF-WAY,NO CONTRIBUTING ACTION,00 NOT CODED,00 NOT CODED,00 NOT CODED,00 NOT CODED,01 NO,0,0,0,0,2,0,2,2,N,N,N,N,N,N,N,N,N,N,N,N,N,N,N,N,N,N,N,N,N,N,N,N,N,N,26.752178748,-80.056231544,593843.093407,2959335.162498,C,,ARBM15Q1R2,"February 28, 2022",2351239,-8911819.227181155,3092544.345390392