Crash Id,Calendar Year,FDOT Crash Number,Reporting Agency Case Number,Reporting Agency Type,FDOT Managing District,County Name,Crash Date,Crash Time,Day,DHSMV City,Crash Report City Code,In Town,On Roadway Name,Int Roadway Name,Reference Distance (Miles),Reference Direction,Officer Latitude,Officer Longitude,FDOT Latitude,FDOT Longitude,FDOT Roadway,Nearest Inventory MP,Nearest Node From Crash,State Road #,US Highway,Crash Side of Road,Accident Lane Number,Travel Direction Vehicle 1,FDOT Road Category,DHSMV Road System Id,Relation to Junction,Crash Harmful Event Location,Intersection Type,Shoulder Type,FDOT Roadway SKID Test Result,FDOT Roadway SKID Test Date,Functional Class,RCI Surface Width,RCI Shoulder Type First,RCI Shoulder Width First,RCI Shoulder Type Second,RCI Shoulder Width Second,RCI Shoulder Type Third,RCI Shoulder Width Third,RCI Median Width,Avg Daily Traffic,AADT Source,RCI Avg Per Truck Traffic,RCI Horiz Curve Condition,Posted Speed Limit,Highest Injury in Crash,CAR Status Code,Alcohols/Drug Involved,Site Location,Lighting,Weather,Road Surface,Roadway Grade,Roadway Alignment,Traffic Way Vehicle 1,Traffic Way Vehicle 2,Traffic Control Vehicle 1,Traffic Control Vehicle 2,Count of Lanes,Road Condition 1,Road Condition 2,Road Condition 3,Environment Condition 1,Environment Condition 2,Environment Condition 3,Crash Harmful Event,Manner of Collision,Vehicle Movement,Driver Action Vehicle 1,Driver Action Vehicle 2,Location Within Workzone,Type of Workzone,Workers Present in Workzone,Law Enforcement Present in Workzone,School Bus Related,Count of Nonfatal Injuries,Count of Traffic Fatalities,Count of Serious Injuries,Count of Pedestrians,Count of Drivers,Count of Bicyclists,Count of Vehicles,Count of Persons,Wrong Way,Workzone Inv,Commercial Vehicle Inv,Intersection Inv,Lane Departure,Speeding,Agressive Driving,Impaired Driver,Impaired Pedestrian,Impaired Bicyclist,Distracted Driver,Speeding or Aggressive Driving,Pedestrian Related,Bicyclist Related,Pedestrian or Bicyclist Related,Motorcycle Inv,No Belt,No Belt - Ages 1-4,No Belt - Ages 5-12,No Belt - Ages 13-17,Driver - Ages Teen,Driver - Ages 65 plus,Driver - Ages 65-69,Driver - Ages 70-74,Driver - Ages 75-79,Driver - Ages 80 plus,ARBM Latitude,ARBM Longitude,UTM Zone 17N X,UTM Zone 17N Y,ARBM Side of Road,Urban Rural Indicator,GIS Street Source,Extract Date,OBJECTID,x,y
2018815159110,2018,815159110,18148345,CITY POLICE DEPARTMENT,04 FOURTH,PALM BEACH,"November 24, 2018",0923,SUNDAY,9394 WEST PALM BEACH,0694,N,KEY LIME BLVD,HALL BLVD,0,E,0,0,26.787473,-80.278109,93A01135,1.006,,,,I INTERSECTION,M MIDDLE,E EAST,,04 COUNTY,02 INTERSECTION,01 ON ROADWAY,02 FOUR-WAY INTERSECTION,01 PAVED,0,"December 31, 2000",,,,0,,0,,0,,,RCI,0,,,2 POSSIBLE INJURY,33 Q/C VERIFIED AS OFF-SYSTEM,0 NO,02 AT INTERSECTION,01 DAYLIGHT,01 CLEAR,01 DRY,01 LEVEL,1 STRAIGHT,"TWO-WAY, NOT DIVIDED","TWO-WAY, NOT DIVIDED",NO CONTROLS,NO CONTROLS,,NONE,NOT CODED,NOT CODED,NONE,NOT CODED,NOT CODED,14 MOTOR VEHICLE IN TRANSPORT,02 FRONT TO FRONT,01 STRAIGHT AHEAD,RAN STOP SIGN,NO CONTRIBUTING ACTION,00 NOT CODED,00 NOT CODED,00 NOT CODED,00 NOT CODED,01 NO,4,0,0,0,2,0,2,4,N,N,N,Y,N,N,N,N,N,N,N,N,N,N,N,N,N,N,N,N,N,N,N,N,N,N,26.78747506,-80.278107267,571758.0102,2963100.2448,C,U,ARBM15Q1R2,"February 28, 2022",2373586,-8936518.327095184,3096945.181317613
2018879565840,2018,879565840,20180011716,COUNTY SHERIFF'S OFFICE,04 FOURTH,PALM BEACH,"July 12, 2018",1442,FRIDAY,9394 WEST PALM BEACH,0694,Y,VILLAGE BLVD,COMMUNITY DR,0.015,N,0,0,26.721326,-80.102242,93577000,1.208,,,,L LEFT,1 THRU LANE 1,S SOUTH,,05 LOCAL,03 INTERSECTION-RELATED,01 ON ROADWAY,01 NOT AT INTERSECTION,03 CURB,0,"December 31, 2000",,,,0,,0,,0,,,RCI,0,,,1 NO INJURY,33 Q/C VERIFIED AS OFF-SYSTEM,0 NO,03 INFLUENCED BY INTERSECTION,01 DAYLIGHT,01 CLEAR,01 DRY,01 LEVEL,1 STRAIGHT,"TWO-WAY, DIVIDED, POSITIVE MED","TWO-WAY, DIVIDED, POSITIVE MED",NO CONTROLS,NO CONTROLS,,NONE,NOT CODED,NOT CODED,NONE,NOT CODED,NOT CODED,14 MOTOR VEHICLE IN TRANSPORT,01 FRONT TO REAR,01 STRAIGHT AHEAD,NOT CODED,NO CONTRIBUTING ACTION,00 NOT CODED,00 NOT CODED,00 NOT CODED,00 NOT CODED,01 NO,0,0,0,0,3,0,3,5,N,N,N,Y,N,N,N,N,N,N,N,N,N,N,N,N,N,N,N,N,N,N,N,N,N,N,26.721326146,-80.102245371,589291.595645,2955884.727261,L,U,ARBM15Q1R2,"February 28, 2022",2373765,-8916941.464396546,3088698.681478395
2018879586410,2018,879586410,20180018598,COUNTY SHERIFF'S OFFICE,04 FOURTH,PALM BEACH,"November 7, 2018",1651,THURSDAY,9394 WEST PALM BEACH,0694,Y,OKEECHOBEE BLVD,CHILLINGWORTH DR S,0.002,W,0,0,26.7062061,-80.0819625,93280000,7.34,01746,SR 704,,L LEFT,3 THRU LANE 3,E EAST,30 URBAN 6+LN 2WY DIVD RASD,03 STATE,01 NON-JUNCTION,01 ON ROADWAY,01 NOT AT INTERSECTION,03 CURB,34,"May 2, 2017",14 URBAN PRIN ART OTHER,43,PAVED,3,CURB&GUTTER,2,,0,19,45000,RCI,3.9,,45,1 NO INJURY,31 Q/C COMPLETED - LOC VERIFIED,0 NO,03 INFLUENCED BY INTERSECTION,01 DAYLIGHT,02 CLOUDY,01 DRY,01 LEVEL,1 STRAIGHT,"TWO-WAY, DIVIDED, POSITIVE MED","TWO-WAY, DIVIDED, POSITIVE MED",NO CONTROLS,NO CONTROLS,8,NONE,NOT CODED,NOT CODED,NONE,NOT CODED,NOT CODED,14 MOTOR VEHICLE IN TRANSPORT,01 FRONT TO REAR,06 CHANGING LANES,SWERVED OR AVOIDED:  DUE TO WI,NO CONTRIBUTING ACTION,00 NOT CODED,00 NOT CODED,00 NOT CODED,00 NOT CODED,01 NO,0,0,0,0,2,0,2,2,N,N,N,Y,N,N,N,N,N,N,N,N,N,N,N,N,N,N,N,N,N,N,N,N,N,N,26.706351783,-80.08174562,591342.575913,2954240.649304,L,,ARBM15Q1R2,"February 28, 2022",2373789,-8914659.441820074,3086832.5577353304
2018879586440,2018,879586440,20180018599,COUNTY SHERIFF'S OFFICE,04 FOURTH,PALM BEACH,"November 7, 2018",1617,THURSDAY,9394 WEST PALM BEACH,0694,Y,OLIVE AVE,TRINITY PL,0.005,S,0,0,26.707006,-80.052052,93020000,7.93,,,,R RIGHT,1 THRU LANE 1,S SOUTH,,05 LOCAL,01 NON-JUNCTION,01 ON ROADWAY,01 NOT AT INTERSECTION,03 CURB,0,"December 31, 2000",,,,0,,0,,0,,,RCI,0,,,1 NO INJURY,33 Q/C VERIFIED AS OFF-SYSTEM,0 NO,01 NOT AT INTERSECTION/RRX/BRIDGE,01 DAYLIGHT,01 CLEAR,01 DRY,01 LEVEL,1 STRAIGHT,ONE-WAY TRAFFICWAY,ONE-WAY TRAFFICWAY,NO CONTROLS,NO CONTROLS,,NONE,NOT CODED,NOT CODED,NONE,NOT CODED,NOT CODED,14 MOTOR VEHICLE IN TRANSPORT,01 FRONT TO REAR,04 BACKING,IMPROPER BACKING,NO CONTRIBUTING ACTION,00 NOT CODED,00 NOT CODED,00 NOT CODED,00 NOT CODED,01 NO,0,0,0,0,2,0,2,4,N,N,Y,N,N,N,N,N,N,N,N,N,N,N,N,N,N,N,N,N,N,N,N,N,N,N,26.707006182,-80.052057288,594295.417809,2954334.750892,O,U,ARBM15Q1R2,"February 28, 2022",2373790,-8911354.55082873,3086914.10474236
2018879588880,2018,879588880,20180019401,COUNTY SHERIFF'S OFFICE,04 FOURTH,PALM BEACH,"November 20, 2018",1510,WEDNESDAY,9394 WEST PALM BEACH,0694,Y,PALM BEACH LAKES BLVD,EXECUTIVE CENTER DR,0.057,W,0,0,26.72042,-80.088133,93014500,1.231,,,,R RIGHT,3 THRU LANE 3,E EAST,,05 LOCAL,01 NON-JUNCTION,01 ON ROADWAY,01 NOT AT INTERSECTION,01 PAVED,0,"December 31, 2000",,,,0,,0,,0,,,RCI,0,,,1 NO INJURY,33 Q/C VERIFIED AS OFF-SYSTEM,0 NO,01 NOT AT INTERSECTION/RRX/BRIDGE,01 DAYLIGHT,01 CLEAR,01 DRY,01 LEVEL,1 STRAIGHT,"TWO-WAY, DIVIDED, POSITIVE MED","TWO-WAY, DIVIDED, POSITIVE MED",NO CONTROLS,NO CONTROLS,,NONE,NOT CODED,NOT CODED,NONE,NOT CODED,NOT CODED,14 MOTOR VEHICLE IN TRANSPORT,03 ANGLE,06 CHANGING LANES,OPERATED MV IN CARLESS OR NEGL,NO CONTRIBUTING ACTION,00 NOT CODED,00 NOT CODED,00 NOT CODED,00 NOT CODED,01 NO,0,0,0,0,2,0,2,4,N,N,Y,N,N,N,N,N,N,N,Y,N,N,N,N,N,N,N,N,N,N,Y,Y,N,N,N,26.720422634,-80.088136485,590695.6666,2955794.617184,R,U,ARBM15Q1R2,"February 28, 2022",2373856,-8915370.869933765,3088586.0777331227
2018879590850,2018,879590850,20180020079,COUNTY SHERIFF'S OFFICE,04 FOURTH,PALM BEACH,"December 2, 2018",2012,MONDAY,9394 WEST PALM BEACH,0694,Y,GEORGIA AVE,FOREST HILL BLVD,0.019,N,0,0,26.6551487,-80.0592418,93016000,9.029,02428,SR 882,,T SIDE RD LEFT,1 THRU LANE 1,0,21 URBAN 4-5LN 2WY DIVD PAVD,05 LOCAL,01 NON-JUNCTION,01 ON ROADWAY,01 NOT AT INTERSECTION,03 CURB,39,"May 8, 2018",16 URBAN MINOR ART,17,PAVED,1,RAISED CURB,0,,0,11,18300,RCI,3.7,,35,1 NO INJURY,31 Q/C COMPLETED - LOC VERIFIED,0 NO,01 NOT AT INTERSECTION/RRX/BRIDGE,04 DARK-LIGHTED,01 CLEAR,01 DRY,00 NOT CODED,0 NOT CODED,NOT CODED,"TWO-WAY, NOT DIVIDED",NOT CODED,TRAFFIC CONTROL SIGNAL,4,NONE,NOT CODED,NOT CODED,NONE,NOT CODED,NOT CODED,14 MOTOR VEHICLE IN TRANSPORT,03 ANGLE,00 NOT CODED,NOT CODED,NO CONTRIBUTING ACTION,00 NOT CODED,00 NOT CODED,00 NOT CODED,00 NOT CODED,01 NO,0,0,0,0,2,0,2,3,N,N,N,N,N,N,N,N,N,N,N,N,N,N,N,N,N,N,N,N,N,N,N,N,N,N,26.655161163,-80.059234998,593623.727198,2948586.942109,C,,ARBM15Q1R2,"February 28, 2022",2373857,-8912153.569997704,3080454.9709524023
2018879593540,2018,879593540,20180020918,COUNTY SHERIFF'S OFFICE,04 FOURTH,PALM BEACH,"December 15, 2018",2321,SUNDAY,9394 WEST PALM BEACH,0694,Y,SR 5,FERN ST,0,,0,0,26.7104384,-80.0549879,93020100,0.336,02389,SR 5,US 1,R RIGHT,1 THRU LANE 1,S SOUTH,20 URBAN 4-5LN 2WY DIVD RASD,05 LOCAL,02 INTERSECTION,01 ON ROADWAY,77 OTHER (SEE NARRATIVE),03 CURB,43,"June 13, 2016",17 URBAN MAJOR COLLECTOR,22,CURB&GUTTER,2,,0,,0,16,12500,RCI,2,,30,2 POSSIBLE INJURY,31 Q/C COMPLETED - LOC VERIFIED,0 NO,02 AT INTERSECTION,04 DARK-LIGHTED,01 CLEAR,01 DRY,01 LEVEL,1 STRAIGHT,ONE-WAY TRAFFICWAY,"TWO-WAY, DIVIDED, UNPROTECTED",OTHER (SEE NARRATIVE),TRAFFIC CONTROL SIGNAL,4,NONE,NOT CODED,NOT CODED,NONE,NOT CODED,NOT CODED,14 MOTOR VEHICLE IN TRANSPORT,03 ANGLE,77 OTHER (SEE NARRATIVE),OPERATED MV IN CARLESS OR NEGL,NO CONTRIBUTING ACTION,00 NOT CODED,00 NOT CODED,00 NOT CODED,00 NOT CODED,01 NO,1,0,0,0,2,0,2,2,N,N,N,Y,N,N,N,N,N,N,N,N,N,N,N,N,N,N,N,N,N,N,N,N,N,N,26.710418513,-80.054986315,594001.23842,2954710.549794,R,,ARBM15Q1R2,"February 28, 2022",2373858,-8911680.608807644,3087339.334516281
2018879580220,2018,879580220,20180016378,COUNTY SHERIFF'S OFFICE,04 FOURTH,PALM BEACH,"October 3, 2018",1128,THURSDAY,9394 WEST PALM BEACH,0694,Y,GARDENIA ST,SR 5,0.004,E,0,0,26.7094848,-80.0550117,93020100,0.271,02388,SR 5,US 1,S SIDE RD RIGHT,S SIDE OF ROAD,N NORTH,20 URBAN 4-5LN 2WY DIVD RASD,02 U.S.,02 INTERSECTION,03 SHOULDER,03 T-INTERSECTION,03 CURB,43,"June 13, 2016",17 URBAN MAJOR COLLECTOR,22,CURB&GUTTER,2,,0,,0,12,12500,RCI,2,,30,1 NO INJURY,31 Q/C COMPLETED - LOC VERIFIED,0 NO,01 NOT AT INTERSECTION/RRX/BRIDGE,01 DAYLIGHT,02 CLOUDY,77 OTHER EXPLAIN IN NARRATIVE,01 LEVEL,1 STRAIGHT,"TWO-WAY, DIVIDED, POSITIVE MED",,NO CONTROLS,NOT CODED,4,NONE,NONE,NONE,NONE,NONE,NONE,"39 OTHER FIXED OBJECT (WALL, BUIL",77 OTHER (SEE NARRATIVE),05 TURNING RIGHT,OTHER CONTRIBUTING ACTION,NOT CODED,00 NOT CODED,00 NOT CODED,00 NOT CODED,00 NOT CODED,01 NO,0,0,0,0,1,0,1,1,N,N,Y,N,N,N,N,N,N,N,N,N,N,N,N,N,N,N,N,N,N,Y,Y,N,N,N,26.709461586,-80.055006637,594000.00273,2954604.541942,R,,ARBM15Q1R2,"February 28, 2022",2374318,-8911682.871009571,3087220.0850113556
2018879571010,2018,879571010,20180013420,COUNTY SHERIFF'S OFFICE,04 FOURTH,PALM BEACH,"August 12, 2018",0619,MONDAY,9394 WEST PALM BEACH,0694,Y,CORTEZ RD,WASHINGTON RD,0.038,E,0,0,26.657526,-80.048627,93A13247,0.197,,,,L LEFT,S SIDE OF ROAD,E EAST,,05 LOCAL,01 NON-JUNCTION,01 ON ROADWAY,01 NOT AT INTERSECTION,03 CURB,0,"December 31, 2000",,,,0,,0,,0,,,RCI,0,,,1 NO INJURY,33 Q/C VERIFIED AS OFF-SYSTEM,0 NO,01 NOT AT INTERSECTION/RRX/BRIDGE,03 DAWN,01 CLEAR,01 DRY,01 LEVEL,1 STRAIGHT,"TWO-WAY, NOT DIVIDED",,NO CONTROLS,NOT CODED,,NONE,NOT CODED,NOT CODED,NONE,NOT CODED,NOT CODED,24 CURB,77 OTHER (SEE NARRATIVE),77 OTHER (SEE NARRATIVE),OPERATED MV IN CARLESS OR NEGL,NOT CODED,00 NOT CODED,00 NOT CODED,00 NOT CODED,00 NOT CODED,01 NO,0,0,0,0,1,0,1,1,N,N,N,N,Y,N,N,N,N,N,N,N,N,N,N,N,N,N,N,N,N,N,N,N,N,N,26.657524353,-80.048627069,594677.522653,2948856.517376,C,U,ARBM15Q1R2,"February 28, 2022",2374333,-8910972.700351058,3080749.326140996
2018879558990,2018,879558990,20180009390,COUNTY SHERIFF'S OFFICE,04 FOURTH,PALM BEACH,"June 2, 2018",1205,SUNDAY,9394 WEST PALM BEACH,0694,Y,SUMMIT BLVD,DREHER TRL N,0.147,W,0,0,26.665946,-80.070649,93000137,2.165,,,,L LEFT,2 THRU LANE 2,W WEST,,05 LOCAL,05 RAILWAY GRADE CROSSING,01 ON ROADWAY,01 NOT AT INTERSECTION,03 CURB,0,"December 31, 2000",,,,0,,0,,0,,,RCI,0,,,2 POSSIBLE INJURY,33 Q/C VERIFIED AS OFF-SYSTEM,0 NO,05 RAILROAD CROSSING,01 DAYLIGHT,02 CLOUDY,01 DRY,01 LEVEL,1 STRAIGHT,"TWO-WAY, NOT DIVIDED",,RAILWAY CROSSING DEVICE,NOT CODED,,NONE,NOT CODED,NOT CODED,NONE,NOT CODED,NOT CODED,"39 OTHER FIXED OBJECT (WALL, BUIL",03 ANGLE,01 STRAIGHT AHEAD,DISREGARDED OTHER TRAFFIC SIGN,NOT CODED,00 NOT CODED,00 NOT CODED,00 NOT CODED,00 NOT CODED,01 NO,1,0,0,0,1,0,1,1,N,N,N,Y,N,N,N,N,N,N,N,N,N,N,N,Y,N,N,N,N,N,Y,Y,N,N,N,26.665949653,-80.070648887,592479.073466,2949773.586317,C,U,ARBM15Q1R2,"February 28, 2022",2374423,-8913424.15869016,3081798.817589211
2018853024040,2018,853024040,FHPK18OFF072026,FLORIDA HIGHWAY PATROL,08 TURNPIKE,PALM BEACH,"September 30, 2018",1222,MONDAY,9394 WEST PALM BEACH,0694,N,SR 91,OKEECHOBEE BLVD,1,N,26.726252,-80.1355579,26.7209489,-80.1356624,93470000,27.816,01486,SR 91,,L LEFT,S SIDE OF ROAD,S SOUTH,03 TOLL ROAD URBAN,06 TURNPIKE/TOLL,01 NON-JUNCTION,02 OFF ROADWAY,01 NOT AT INTERSECTION,01 PAVED,36,"June 14, 2016",12 URBAN PRIN ART EXPR.,24,PAVED WARN,12,LAWN,0,,0,20,72300,RCI,14.3,0D4000,70,6 NON-TRAFFIC FATALITY,31 Q/C COMPLETED - LOC VERIFIED,2 DRG,01 NOT AT INTERSECTION/RRX/BRIDGE,01 DAYLIGHT,01 CLEAR,01 DRY,01 LEVEL,1 STRAIGHT,"TWO-WAY, DIVIDED, POSITIVE MED",,NO CONTROLS,NOT CODED,4,NONE,NOT CODED,NOT CODED,NONE,NOT CODED,NOT CODED,29 CABLE BARRIER,77 OTHER (SEE NARRATIVE),01 STRAIGHT AHEAD,FAILED TO KEEP IN PROPER LANE,NOT CODED,00 NOT CODED,00 NOT CODED,00 NOT CODED,00 NOT CODED,01 NO,0,0,0,0,1,0,1,1,N,N,N,N,Y,N,N,Y,N,N,N,N,N,N,N,N,N,N,N,N,N,N,N,N,N,N,26.720687204,-80.135818786,585952.674451,2955790.866898,L,,ARBM15Q1R2,"February 28, 2022",2374580,-8920678.840920337,3088619.0505779586
2018879580250,2018,879580250,20180016386,COUNTY SHERIFF'S OFFICE,04 FOURTH,PALM BEACH,"October 3, 2018",1421,THURSDAY,9394 WEST PALM BEACH,0694,Y,SR 704,FLAGLER DR,0.014,W,0,0,26.7054426,-80.0490767,93280000,9.379,03415,SR 704,,R RIGHT,2 THRU LANE 2,0,40 URBAN ONE WAY,03 STATE,01 NON-JUNCTION,01 ON ROADWAY,01 NOT AT INTERSECTION,03 CURB,39,"May 2, 2017",16 URBAN MINOR ART,20,CURB&GUTTER,2,CURB&GUTTER,2,,0,,20000,RCI,2.8,,35,1 NO INJURY,31 Q/C COMPLETED - LOC VERIFIED,0 NO,01 NOT AT INTERSECTION/RRX/BRIDGE,01 DAYLIGHT,02 CLOUDY,01 DRY,00 NOT CODED,0 NOT CODED,NOT CODED,ONE-WAY TRAFFICWAY,NOT CODED,TRAFFIC CONTROL SIGNAL,2,NONE,NONE,NONE,NONE,NONE,NONE,14 MOTOR VEHICLE IN TRANSPORT,01 FRONT TO REAR,00 NOT CODED,NOT CODED,NO CONTRIBUTING ACTION,00 NOT CODED,00 NOT CODED,00 NOT CODED,00 NOT CODED,01 NO,0,0,0,0,2,0,2,2,N,N,N,N,N,N,N,N,N,N,N,N,N,N,N,N,N,N,N,N,N,N,N,N,N,N,26.705405131,-80.049070576,594593.856414,2954159.625384,O,,ARBM15Q1R2,"February 28, 2022",2374865,-8911022.071543202,3086714.593140224
2018879580840,2018,879580840,20180016597,COUNTY SHERIFF'S OFFICE,04 FOURTH,PALM BEACH,"October 6, 2018",2045,SUNDAY,9394 WEST PALM BEACH,0694,Y,SR 5,FERN ST,0,,0,0,26.7104384,-80.0549879,93020100,0.336,02389,SR 5,US 1,L LEFT,1 THRU LANE 1,W WEST,20 URBAN 4-5LN 2WY DIVD RASD,05 LOCAL,02 INTERSECTION,01 ON ROADWAY,02 FOUR-WAY INTERSECTION,03 CURB,43,"June 13, 2016",17 URBAN MAJOR COLLECTOR,22,CURB&GUTTER,2,,0,,0,16,12500,RCI,2,,30,2 POSSIBLE INJURY,31 Q/C COMPLETED - LOC VERIFIED,0 NO,02 AT INTERSECTION,04 DARK-LIGHTED,01 CLEAR,01 DRY,01 LEVEL,1 STRAIGHT,"TWO-WAY, NOT DIV, W/CONT LTURN","TWO-WAY, DIVIDED, POSITIVE MED",STOP SIGN,NO CONTROLS,4,NONE,NOT CODED,NOT CODED,NONE,NOT CODED,NOT CODED,14 MOTOR VEHICLE IN TRANSPORT,03 ANGLE,01 STRAIGHT AHEAD,OPERATED MV IN CARLESS OR NEGL,NO CONTRIBUTING ACTION,00 NOT CODED,00 NOT CODED,00 NOT CODED,00 NOT CODED,01 NO,3,0,0,0,2,0,2,3,N,N,N,Y,N,N,Y,N,N,N,Y,Y,N,N,N,N,N,N,N,N,N,Y,N,Y,N,N,26.710419978,-80.055105169,593989.41408,2954710.624407,L,,ARBM15Q1R2,"February 28, 2022",2374866,-8911693.839527898,3087339.5170637476
2018879594120,2018,879594120,20180021081,COUNTY SHERIFF'S OFFICE,04 FOURTH,PALM BEACH,"December 18, 2018",1311,WEDNESDAY,9394 WEST PALM BEACH,0694,Y,PALM BEACH LAKES BLVD,N ROBBINS DR,0.019,E,0,0,26.716353,-80.091974,93014500,0.858,,,,L LEFT,R RIGHT TURN,0,,04 COUNTY,03 INTERSECTION-RELATED,01 ON ROADWAY,01 NOT AT INTERSECTION,03 CURB,0,"December 31, 2000",,,,0,,0,,0,,,RCI,0,,,1 NO INJURY,33 Q/C VERIFIED AS OFF-SYSTEM,0 NO,03 INFLUENCED BY INTERSECTION,01 DAYLIGHT,02 CLOUDY,01 DRY,00 NOT CODED,0 NOT CODED,NOT CODED,"TWO-WAY, DIVIDED, POSITIVE MED",NOT CODED,TRAFFIC CONTROL SIGNAL,,NONE,NOT CODED,NOT CODED,NONE,NOT CODED,NOT CODED,14 MOTOR VEHICLE IN TRANSPORT,03 ANGLE,00 NOT CODED,NOT CODED,NO CONTRIBUTING ACTION,00 NOT CODED,00 NOT CODED,00 NOT CODED,00 NOT CODED,01 NO,0,0,0,0,2,0,2,2,N,N,N,Y,N,N,N,N,N,N,N,N,N,N,N,N,N,N,N,N,N,N,N,N,N,N,26.716353237,-80.091974332,590317.139809,2955341.151748,L,U,ARBM15Q1R2,"February 28, 2022",2374919,-8915798.097258994,3088078.9239901644
2018879588370,2018,879588370,20180019228,COUNTY SHERIFF'S OFFICE,04 FOURTH,PALM BEACH,"November 17, 2018",1617,SUNDAY,9394 WEST PALM BEACH,0694,Y,PALM BEACH LAKES BLVD,N CONGRESS AVE,0.265,W,0,0,26.722078,-80.086974,93014500,1.363,,,,L LEFT,2 THRU LANE 2,E EAST,,05 LOCAL,01 NON-JUNCTION,01 ON ROADWAY,01 NOT AT INTERSECTION,03 CURB,0,"December 31, 2000",,,,0,,0,,0,,,RCI,0,,,2 POSSIBLE INJURY,33 Q/C VERIFIED AS OFF-SYSTEM,0 NO,01 NOT AT INTERSECTION/RRX/BRIDGE,01 DAYLIGHT,01 CLEAR,01 DRY,01 LEVEL,1 STRAIGHT,"TWO-WAY, DIVIDED, POSITIVE MED","TWO-WAY, DIVIDED, POSITIVE MED",NO CONTROLS,NO CONTROLS,,NONE,NOT CODED,NOT CODED,NONE,NOT CODED,NOT CODED,14 MOTOR VEHICLE IN TRANSPORT,03 ANGLE,01 STRAIGHT AHEAD,"OPER MV AGRSIVE, ERATIC, RCKLS",NO CONTRIBUTING ACTION,00 NOT CODED,00 NOT CODED,00 NOT CODED,00 NOT CODED,01 NO,1,0,0,0,2,0,2,3,N,N,N,N,Y,N,Y,N,N,N,Y,Y,N,N,N,N,N,N,N,N,Y,N,N,N,N,N,26.722079384,-80.086975872,590809.794187,2955978.950851,L,U,ARBM15Q1R2,"February 28, 2022",2375044,-8915241.671078019,3088792.5573711223
2018879574840,2018,879574840,20180014580,COUNTY SHERIFF'S OFFICE,04 FOURTH,PALM BEACH,"September 1, 2018",2059,SUNDAY,9394 WEST PALM BEACH,0694,Y,SR-805,BANYAN BLVD,0,E,0,0,26.714411,-80.05351,93020001,0.693,,,,I INTERSECTION,M MIDDLE,W WEST,,05 LOCAL,14 ENTRANCE/EXIT RAMP,01 ON ROADWAY,02 FOUR-WAY INTERSECTION,01 PAVED,0,"December 31, 2000",,,,0,,0,,0,,,RCI,0,,,2 POSSIBLE INJURY,33 Q/C VERIFIED AS OFF-SYSTEM,0 NO,02 AT INTERSECTION,04 DARK-LIGHTED,01 CLEAR,01 DRY,01 LEVEL,1 STRAIGHT,"TWO-WAY, NOT DIV, W/CONT LTURN","TWO-WAY, NOT DIVIDED",TRAFFIC CONTROL SIGNAL,TRAFFIC CONTROL SIGNAL,,NONE,NOT CODED,NOT CODED,NONE,NOT CODED,NOT CODED,14 MOTOR VEHICLE IN TRANSPORT,03 ANGLE,01 STRAIGHT AHEAD,NO CONTRIBUTING ACTION,NO CONTRIBUTING ACTION,00 NOT CODED,00 NOT CODED,00 NOT CODED,00 NOT CODED,01 NO,1,0,0,0,2,0,2,2,N,N,N,Y,N,N,N,N,N,N,Y,N,N,N,N,N,N,N,N,N,N,Y,Y,N,N,N,26.71441098,-80.053507373,594145.073826,2955153.862007,O,U,ARBM15Q1R2,"February 28, 2022",2375549,-8911515.973737359,3087836.874375595
2018879574850,2018,879574850,20180014583,COUNTY SHERIFF'S OFFICE,04 FOURTH,PALM BEACH,"September 1, 2018",2131,SUNDAY,9394 WEST PALM BEACH,0694,Y,PINEWOOD AVE,30TH ST,0,E,0,0,26.740893,-80.058346,93A06292,0.429,,,,I INTERSECTION,M MIDDLE,N NORTH,,05 LOCAL,02 INTERSECTION,01 ON ROADWAY,02 FOUR-WAY INTERSECTION,03 CURB,0,"December 31, 2000",,,,0,,0,,0,,,RCI,0,,,1 NO INJURY,33 Q/C VERIFIED AS OFF-SYSTEM,0 NO,02 AT INTERSECTION,04 DARK-LIGHTED,01 CLEAR,01 DRY,01 LEVEL,1 STRAIGHT,"TWO-WAY, NOT DIVIDED","TWO-WAY, NOT DIVIDED",STOP SIGN,NO CONTROLS,,NONE,NOT CODED,NOT CODED,NONE,NOT CODED,NOT CODED,14 MOTOR VEHICLE IN TRANSPORT,03 ANGLE,01 STRAIGHT AHEAD,RAN STOP SIGN,NO CONTRIBUTING ACTION,00 NOT CODED,00 NOT CODED,00 NOT CODED,00 NOT CODED,01 NO,0,0,0,0,2,0,2,2,N,N,N,Y,N,N,N,N,N,N,N,N,N,N,N,N,N,N,N,N,N,N,N,N,N,N,26.74089289,-80.058347052,593641.974607,2958083.535476,C,U,ARBM15Q1R2,"February 28, 2022",2375550,-8912054.724485734,3091137.4835529807
2018879565970,2018,879565970,20180011754,COUNTY SHERIFF'S OFFICE,04 FOURTH,PALM BEACH,"July 13, 2018",0523,SATURDAY,9394 WEST PALM BEACH,0694,Y,SR 704,AUSTRALIAN AVE,0,,0,0,26.7055135,-80.0654967,93280090,0,03165,SR 704,,R RIGHT,X RAMP,E EAST,07 RAMP URBAN,03 STATE,14 ENTRANCE/EXIT RAMP,01 ON ROADWAY,01 NOT AT INTERSECTION,03 CURB,0,"December 31, 2000",,17,PAVED,4,LAWN,3,,0,,5500,RCI,3.9,,,1 NO INJURY,31 Q/C COMPLETED - LOC VERIFIED,0 NO,07 ENTRANCE RAMP,04 DARK-LIGHTED,01 CLEAR,01 DRY,03 UPHILL,2 CURVE RIGHT,"TWO-WAY, DIVIDED, POSITIVE MED",,NO CONTROLS,NOT CODED,1,NONE,NOT CODED,NOT CODED,NONE,NOT CODED,NOT CODED,14 MOTOR VEHICLE IN TRANSPORT,77 OTHER (SEE NARRATIVE),15 NEGOTIATING A CURVE,OPERATED MV IN CARLESS OR NEGL,NOT CODED,00 NOT CODED,00 NOT CODED,00 NOT CODED,00 NOT CODED,01 NO,0,0,0,0,1,0,1,2,N,N,N,N,Y,N,N,N,N,N,Y,N,N,N,N,N,N,N,N,N,N,N,N,N,N,N,26.705495229,-80.065516122,592957.7721,2954157.5069,O,,ARBM15Q1R2,"February 28, 2022",2375551,-8912852.781860165,3086725.8203997607