Crash Id,Calendar Year,FDOT Crash Number,Reporting Agency Case Number,Reporting Agency Type,FDOT Managing District,County Name,Crash Date,Crash Time,Day,DHSMV City,Crash Report City Code,In Town,On Roadway Name,Int Roadway Name,Reference Distance (Miles),Reference Direction,Officer Latitude,Officer Longitude,FDOT Latitude,FDOT Longitude,FDOT Roadway,Nearest Inventory MP,Nearest Node From Crash,State Road #,US Highway,Crash Side of Road,Accident Lane Number,Travel Direction Vehicle 1,FDOT Road Category,DHSMV Road System Id,Relation to Junction,Crash Harmful Event Location,Intersection Type,Shoulder Type,FDOT Roadway SKID Test Result,FDOT Roadway SKID Test Date,Functional Class,RCI Surface Width,RCI Shoulder Type First,RCI Shoulder Width First,RCI Shoulder Type Second,RCI Shoulder Width Second,RCI Shoulder Type Third,RCI Shoulder Width Third,RCI Median Width,Avg Daily Traffic,AADT Source,RCI Avg Per Truck Traffic,RCI Horiz Curve Condition,Posted Speed Limit,Highest Injury in Crash,CAR Status Code,Alcohols/Drug Involved,Site Location,Lighting,Weather,Road Surface,Roadway Grade,Roadway Alignment,Traffic Way Vehicle 1,Traffic Way Vehicle 2,Traffic Control Vehicle 1,Traffic Control Vehicle 2,Count of Lanes,Road Condition 1,Road Condition 2,Road Condition 3,Environment Condition 1,Environment Condition 2,Environment Condition 3,Crash Harmful Event,Manner of Collision,Vehicle Movement,Driver Action Vehicle 1,Driver Action Vehicle 2,Location Within Workzone,Type of Workzone,Workers Present in Workzone,Law Enforcement Present in Workzone,School Bus Related,Count of Nonfatal Injuries,Count of Traffic Fatalities,Count of Serious Injuries,Count of Pedestrians,Count of Drivers,Count of Bicyclists,Count of Vehicles,Count of Persons,Wrong Way,Workzone Inv,Commercial Vehicle Inv,Intersection Inv,Lane Departure,Speeding,Agressive Driving,Impaired Driver,Impaired Pedestrian,Impaired Bicyclist,Distracted Driver,Speeding or Aggressive Driving,Pedestrian Related,Bicyclist Related,Pedestrian or Bicyclist Related,Motorcycle Inv,No Belt,No Belt - Ages 1-4,No Belt - Ages 5-12,No Belt - Ages 13-17,Driver - Ages Teen,Driver - Ages 65 plus,Driver - Ages 65-69,Driver - Ages 70-74,Driver - Ages 75-79,Driver - Ages 80 plus,ARBM Latitude,ARBM Longitude,UTM Zone 17N X,UTM Zone 17N Y,ARBM Side of Road,Urban Rural Indicator,GIS Street Source,Extract Date,OBJECTID,x,y
2018872946380,2018,872946380,FHPL18OFF085671,FLORIDA HIGHWAY PATROL,04 FOURTH,PALM BEACH,"October 13, 2018",0930,SUNDAY,9394 WEST PALM BEACH,0694,N,FOREST HILL BLVD,16TH PL S,0,,26.6522091,-80.1394,26.6520718,-80.1394248,93016000,3.974,04671,SR 882,,L LEFT,1 THRU LANE 1,W WEST,30 URBAN 6+LN 2WY DIVD RASD,04 COUNTY,02 INTERSECTION,01 ON ROADWAY,03 T-INTERSECTION,03 CURB,37,"May 8, 2018",14 URBAN PRIN ART OTHER,33,PAVED,4,CURB&GUTTER,2,,0,23,42500,RCI,2.5,,45,1 NO INJURY,31 Q/C COMPLETED - LOC VERIFIED,0 NO,02 AT INTERSECTION,01 DAYLIGHT,01 CLEAR,01 DRY,01 LEVEL,1 STRAIGHT,"TWO-WAY, NOT DIVIDED","TWO-WAY, DIVIDED, POSITIVE MED",STOP SIGN,NO CONTROLS,6,NONE,NOT CODED,NOT CODED,NONE,NOT CODED,NOT CODED,14 MOTOR VEHICLE IN TRANSPORT,03 ANGLE,05 TURNING RIGHT,FAILED TO YIELD RIGHT-OF-WAY,NO CONTRIBUTING ACTION,00 NOT CODED,00 NOT CODED,00 NOT CODED,00 NOT CODED,01 NO,0,0,0,0,2,0,2,3,N,N,N,Y,N,N,N,N,N,N,N,N,N,N,N,N,N,N,N,N,N,N,N,N,N,N,26.652200217,-80.139481679,585639.511996,2948202.659535,L,,ARBM15Q1R2,"February 28, 2022",2382552,-8921086.59218992,3080086.1686348435
2018820154220,2018,820154220,FHPL18OFF085967,FLORIDA HIGHWAY PATROL,04 FOURTH,PALM BEACH,"October 14, 2018",1120,MONDAY,9394 WEST PALM BEACH,0694,Y,SR 9,SR 882,0,,26.65531,-80.0693899,26.6552835,-80.0686851,93220050,0.236,03154,SR 9,I 95,R RIGHT,X RAMP,S SOUTH,07 RAMP URBAN,01 INTERSTATE,03 INTERSECTION-RELATED,01 ON ROADWAY,77 OTHER (SEE NARRATIVE),01 PAVED,0,"December 31, 2000",,12,CURB&GUTTER,2,,0,,0,,11500,RCI,3.7,,,3 NO-INCAPACITATING INJURY,31 Q/C COMPLETED - LOC VERIFIED,0 NO,08 EXIT RAMP,01 DAYLIGHT,02 CLOUDY,01 DRY,04 DOWNHILL,1 STRAIGHT,ONE-WAY TRAFFICWAY,ONE-WAY TRAFFICWAY,TRAFFIC CONTROL SIGNAL,TRAFFIC CONTROL SIGNAL,1,NONE,NOT CODED,NOT CODED,NONE,NOT CODED,NOT CODED,14 MOTOR VEHICLE IN TRANSPORT,01 FRONT TO REAR,01 STRAIGHT AHEAD,OPERATED MV IN CARLESS OR NEGL,NO CONTRIBUTING ACTION,00 NOT CODED,00 NOT CODED,00 NOT CODED,00 NOT CODED,01 NO,3,0,0,0,3,0,3,5,N,N,Y,N,N,N,N,N,N,N,N,N,N,N,N,N,N,N,N,N,N,N,N,N,N,N,26.655301745,-80.068700682,592681.5508,2948595.6083,O,,ARBM15Q1R2,"February 28, 2022",2382699,-8913207.285349235,3080472.48142485
2018871585560,2018,871585560,FHPL18OFF030689,FLORIDA HIGHWAY PATROL,04 FOURTH,PALM BEACH,"April 13, 2018",1328,SATURDAY,9394 WEST PALM BEACH,0694,N,I 95,BLUE HERON BLVD,1,N,26.7872215,-80.0994793,26.7982103,-80.0984792,93220000,34.01,03765,SR 9,I 95,L LEFT,1 THRU LANE 1,S SOUTH,01 INTERSTATE URBAN,01 INTERSTATE,01 NON-JUNCTION,01 ON ROADWAY,01 NOT AT INTERSECTION,01 PAVED,34,"May 15, 2017",11 URBAN PRIN ART INT.,78,PAVED WARN,10,LAWN,12,,0,32,210000,RCI,7.4,,65,3 NO-INCAPACITATING INJURY,31 Q/C COMPLETED - LOC VERIFIED,0 NO,01 NOT AT INTERSECTION/RRX/BRIDGE,01 DAYLIGHT,01 CLEAR,01 DRY,01 LEVEL,1 STRAIGHT,"TWO-WAY, DIVIDED, POSITIVE MED","TWO-WAY, DIVIDED, POSITIVE MED",NO CONTROLS,NO CONTROLS,12,NONE,NOT CODED,NOT CODED,NONE,NOT CODED,NOT CODED,14 MOTOR VEHICLE IN TRANSPORT,01 FRONT TO REAR,01 STRAIGHT AHEAD,"OPER MV AGRSIVE, ERATIC, RCKLS",NO CONTRIBUTING ACTION,00 NOT CODED,00 NOT CODED,00 NOT CODED,00 NOT CODED,01 NO,3,0,0,0,2,0,2,4,N,N,N,N,N,N,Y,N,N,N,N,Y,N,N,N,N,N,N,N,N,N,N,N,N,N,N,26.798015536,-80.098814231,589572.71635,2964381.532147,L,,ARBM15Q1R2,"February 28, 2022",2382808,-8916559.511870068,3098259.661328054
2018815098880,2018,815098880,18086769,CITY POLICE DEPARTMENT,04 FOURTH,PALM BEACH,"June 15, 2018",1853,SATURDAY,9394 WEST PALM BEACH,0694,N,SUMMIT BLVD,CHASE RD,0.041,E,0,0,26.663198,-80.129701,93000040,0.965,,,,R RIGHT,2 THRU LANE 2,W WEST,,05 LOCAL,01 NON-JUNCTION,01 ON ROADWAY,01 NOT AT INTERSECTION,01 PAVED,0,"December 31, 2000",,,,0,,0,,0,,,RCI,0,,,2 POSSIBLE INJURY,33 Q/C VERIFIED AS OFF-SYSTEM,0 NO,01 NOT AT INTERSECTION/RRX/BRIDGE,01 DAYLIGHT,01 CLEAR,01 DRY,01 LEVEL,1 STRAIGHT,"TWO-WAY, NOT DIV, W/CONT LTURN","TWO-WAY, NOT DIV, W/CONT LTURN",NO CONTROLS,NO CONTROLS,,NONE,NOT CODED,NOT CODED,NONE,NOT CODED,NOT CODED,14 MOTOR VEHICLE IN TRANSPORT,03 ANGLE,06 CHANGING LANES,OPERATED MV IN CARLESS OR NEGL,NO CONTRIBUTING ACTION,00 NOT CODED,00 NOT CODED,00 NOT CODED,00 NOT CODED,01 NO,1,0,0,0,2,0,2,3,Y,N,N,N,Y,N,Y,N,N,N,Y,Y,N,N,N,N,N,N,N,N,Y,N,N,N,N,N,26.66319907,-80.129700988,586604.636473,2949427.505035,C,U,ARBM15Q1R2,"February 28, 2022",2383825,-8919997.810361192,3081456.184394936
2018872878760,2018,872878760,FHPL18OFF105359,FLORIDA HIGHWAY PATROL,04 FOURTH,PALM BEACH,"December 18, 2018",1700,WEDNESDAY,9394 WEST PALM BEACH,0694,Y,SR 9,PALM BEACH LAKES BLVD,0.379,S,26.7003261,-80.0716834,26.7134934,-80.0827229,93220000,27.875,01224,SR 9,I 95,M MEDIAN,M MIDDLE,S SOUTH,01 INTERSTATE URBAN,01 INTERSTATE,01 NON-JUNCTION,01 ON ROADWAY,01 NOT AT INTERSECTION,01 PAVED,33,"May 15, 2017",11 URBAN PRIN ART INT.,64,PAVED,13,,0,,0,32,214308,RCI,6.5,,65,1 NO INJURY,31 Q/C COMPLETED - LOC VERIFIED,0 NO,01 NOT AT INTERSECTION/RRX/BRIDGE,01 DAYLIGHT,01 CLEAR,01 DRY,01 LEVEL,1 STRAIGHT,"TWO-WAY, DIVIDED, POSITIVE MED",,NO CONTROLS,NOT CODED,10,NONE,NOT CODED,NOT CODED,NONE,NOT CODED,NOT CODED,14 MOTOR VEHICLE IN TRANSPORT,77 OTHER (SEE NARRATIVE),01 STRAIGHT AHEAD,RAN OFF ROADWAY,NOT CODED,00 NOT CODED,00 NOT CODED,00 NOT CODED,00 NOT CODED,01 NO,0,0,0,0,1,0,1,3,N,N,N,N,Y,N,N,N,N,N,N,N,N,N,N,N,Y,N,N,N,N,N,N,N,N,N,26.71338456,-80.082559797,591255.975309,2955019.038878,R,,ARBM15Q1R2,"February 28, 2022",2384248,-8914750.075673563,3087708.960619087
2018875794070,2018,875794070,20180000013,COUNTY SHERIFF'S OFFICE,04 FOURTH,PALM BEACH,"December 31, 2017",0238,MONDAY,9394 WEST PALM BEACH,0694,Y,OKEECHOBEE BLVD,GRANDE BLVD,0.004,E,0,0,26.7087487,-80.1822423,93280000,1.145,02498,SR 704,,L LEFT,1 THRU LANE 1,W WEST,30 URBAN 6+LN 2WY DIVD RASD,01 INTERSTATE,02 INTERSECTION,01 ON ROADWAY,02 FOUR-WAY INTERSECTION,03 CURB,41,"May 2, 2017",14 URBAN PRIN ART OTHER,48,PAVED,5,CURB&GUTTER,2,,0,36,61500,RCI,4.6,,50,4 INCAPACITATING INJURY,31 Q/C COMPLETED - LOC VERIFIED,0 NO,02 AT INTERSECTION,04 DARK-LIGHTED,01 CLEAR,01 DRY,01 LEVEL,1 STRAIGHT,"TWO-WAY, DIVIDED, POSITIVE MED","TWO-WAY, DIVIDED, POSITIVE MED",TRAFFIC CONTROL SIGNAL,TRAFFIC CONTROL SIGNAL,8,NONE,NOT CODED,NOT CODED,NONE,NOT CODED,NOT CODED,14 MOTOR VEHICLE IN TRANSPORT,01 FRONT TO REAR,01 STRAIGHT AHEAD,OPERATED MV IN CARLESS OR NEGL,NO CONTRIBUTING ACTION,00 NOT CODED,00 NOT CODED,00 NOT CODED,00 NOT CODED,01 NO,4,0,1,0,4,0,4,5,N,N,N,Y,N,N,N,N,N,N,N,N,N,N,N,N,N,N,N,N,N,N,N,N,N,N,26.708943911,-80.182401797,581327.613461,2954459.583736,L,,ARBM15Q1R2,"February 28, 2022",2384741,-8925864.439441748,3087155.5740450923
2018875796820,2018,875796820,20180000871,COUNTY SHERIFF'S OFFICE,04 FOURTH,PALM BEACH,"January 14, 2018",0742,MONDAY,9394 WEST PALM BEACH,0694,Y,BROADWAY AVE,25TH ST,0.009,N,0,0,26.7366389,-80.0568132,93020000,10.297,03727,SR 5,US 1,L LEFT,R RIGHT TURN,0,11 URBAN 2-3LN 2WY DIVD PAVD,02 U.S.,03 INTERSECTION-RELATED,01 ON ROADWAY,01 NOT AT INTERSECTION,03 CURB,43,"June 13, 2016",16 URBAN MINOR ART,22,CURB&GUTTER,2,,0,,0,16,18900,RCI,2.4,,35,1 NO INJURY,31 Q/C COMPLETED - LOC VERIFIED,0 NO,03 INFLUENCED BY INTERSECTION,01 DAYLIGHT,01 CLEAR,01 DRY,00 NOT CODED,0 NOT CODED,NOT CODED,"TWO-WAY, NOT DIVIDED",NOT CODED,NO CONTROLS,3,NONE,NOT CODED,NOT CODED,NONE,NOT CODED,NOT CODED,14 MOTOR VEHICLE IN TRANSPORT,77 OTHER (SEE NARRATIVE),00 NOT CODED,NOT CODED,NO CONTRIBUTING ACTION,00 NOT CODED,00 NOT CODED,00 NOT CODED,00 NOT CODED,01 NO,0,0,0,0,1,0,2,1,N,N,N,Y,N,N,N,N,N,N,N,N,N,N,N,N,N,N,N,N,N,Y,Y,N,N,N,26.736581272,-80.056804294,593798.938806,2957607.098622,C,,ARBM15Q1R2,"February 28, 2022",2384744,-8911882.985405216,3090600.0467431284
2018872796430,2018,872796430,FHPL18OFF077362,FLORIDA HIGHWAY PATROL,04 FOURTH,PALM BEACH,"September 14, 2018",1841,SATURDAY,9394 WEST PALM BEACH,0694,Y,SR 9,BLUE HERON BLVD,0.057,N,26.7800683,-80.0987912,26.7807739,-80.0987208,93220078,0.057,01193,SR 9,I 95,R RIGHT,X RAMP,N NORTH,07 RAMP URBAN,01 INTERSTATE,14 ENTRANCE/EXIT RAMP,04 MEDIAN,01 NOT AT INTERSECTION,01 PAVED,0,"December 31, 2000",,24,PAVED,8,LAWN,12,,0,,13500,RCI,10.4,,,1 NO INJURY,31 Q/C COMPLETED - LOC VERIFIED,0 NO,08 EXIT RAMP,01 DAYLIGHT,01 CLEAR,01 DRY,01 LEVEL,2 CURVE RIGHT,"TWO-WAY, DIVIDED, POSITIVE MED",,NO CONTROLS,NOT CODED,2,NONE,NOT CODED,NOT CODED,NONE,NOT CODED,NOT CODED,14 MOTOR VEHICLE IN TRANSPORT,77 OTHER (SEE NARRATIVE),15 NEGOTIATING A CURVE,FAILED TO KEEP IN PROPER LANE,NOT CODED,00 NOT CODED,00 NOT CODED,00 NOT CODED,00 NOT CODED,01 NO,0,0,0,0,1,0,1,1,N,N,N,N,Y,N,N,N,N,N,N,N,N,N,N,N,N,N,N,N,N,Y,N,N,Y,N,26.780779665,-80.098783969,589589.259929,2962472.437887,O,,ARBM15Q1R2,"February 28, 2022",2384770,-8916556.142970074,3096110.277367197
2018872709600,2018,872709600,FHPK18OFF084375,FLORIDA HIGHWAY PATROL,08 TURNPIKE,PALM BEACH,"November 18, 2018",0053,MONDAY,9394 WEST PALM BEACH,0694,N,SR 91,MM 99,0,,26.6927838,-80.1556222,26.6965242,-80.15178,93470000,25.813,04153,SR 91,,L LEFT,S SIDE OF ROAD,S SOUTH,03 TOLL ROAD URBAN,03 STATE,01 NON-JUNCTION,01 ON ROADWAY,01 NOT AT INTERSECTION,01 PAVED,36,"June 14, 2016",12 URBAN PRIN ART EXPR.,24,PAVED WARN,33,LAWN,3.5,,0,20,76700,RCI,14.3,,70,1 NO INJURY,31 Q/C COMPLETED - LOC VERIFIED,0 NO,01 NOT AT INTERSECTION/RRX/BRIDGE,04 DARK-LIGHTED,03 RAIN,02 WET,01 LEVEL,1 STRAIGHT,"TWO-WAY, DIVIDED, POSITIVE MED",,NO CONTROLS,NOT CODED,4,NONE,NOT CODED,NOT CODED,NONE,NOT CODED,NOT CODED,27 GUARDRAIL FACE,77 OTHER (SEE NARRATIVE),16 LEAVING TRAFFIC LANE,OPERATED MV IN CARLESS OR NEGL,NOT CODED,00 NOT CODED,00 NOT CODED,00 NOT CODED,00 NOT CODED,01 NO,0,0,0,0,1,0,1,1,N,N,N,N,Y,N,N,N,N,N,N,N,N,N,N,N,N,N,N,N,N,N,N,N,N,N,26.696301834,-80.152146834,584346.557408,2953078.985553,L,,ARBM15Q1R2,"February 28, 2022",2385356,-8922496.471356573,3085580.2579905055
2018872709610,2018,872709610,FHPK18OFF084400,FLORIDA HIGHWAY PATROL,08 TURNPIKE,PALM BEACH,"November 18, 2018",0520,MONDAY,9394 WEST PALM BEACH,0694,N,SR 91,MILE MARKER #103,0,,26.7542776,-80.1341936,26.7500269,-80.1343635,93470000,29.82,01452,SR 91,,R RIGHT,2 THRU LANE 2,N NORTH,03 TOLL ROAD URBAN,06 TURNPIKE/TOLL,01 NON-JUNCTION,01 ON ROADWAY,01 NOT AT INTERSECTION,01 PAVED,35,"June 14, 2016",12 URBAN PRIN ART EXPR.,24,PAVED WARN,7,VALLEY GUTR,3.5,,0,20,72300,RCI,14.3,,70,1 NO INJURY,31 Q/C COMPLETED - LOC VERIFIED,0 NO,01 NOT AT INTERSECTION/RRX/BRIDGE,05 DARK-NOT LIGHTED,01 CLEAR,01 DRY,01 LEVEL,1 STRAIGHT,"TWO-WAY, DIVIDED, POSITIVE MED","TWO-WAY, DIVIDED, POSITIVE MED",NO CONTROLS,NO CONTROLS,4,NONE,NOT CODED,NOT CODED,NONE,NOT CODED,NOT CODED,14 MOTOR VEHICLE IN TRANSPORT,03 ANGLE,06 CHANGING LANES,OTHER CONTRIBUTING ACTION,NOT CODED,02 ADVANCE WARNING AREA,01 LANE CLOSURE,02 YES,01 NO,01 NO,0,0,0,0,1,0,2,1,N,Y,N,N,N,N,N,N,N,N,N,N,N,N,N,N,N,N,N,N,N,N,N,N,N,N,26.749919865,-80.134369383,586074.832191,2959029.731821,R,,ARBM15Q1R2,"February 28, 2022",2385357,-8920517.494134791,3092262.748257314
2018872542530,2018,872542530,FHPL18OFF076826,FLORIDA HIGHWAY PATROL,04 FOURTH,PALM BEACH,"September 12, 2018",2346,THURSDAY,9394 WEST PALM BEACH,0694,N,I 95,45TH ST,0.038,N,26.7589399,-80.0913,26.7573356,-80.0903694,93220000,31.109,05030,SR 9,I 95,M MEDIAN,M MIDDLE,N NORTH,01 INTERSTATE URBAN,01 INTERSTATE,01 NON-JUNCTION,02 OFF ROADWAY,01 NOT AT INTERSECTION,01 PAVED,34,"May 15, 2017",11 URBAN PRIN ART INT.,64,PAVED WARN,10,,0,,0,32,210000,RCI,7.4,1D1500,65,1 NO INJURY,31 Q/C COMPLETED - LOC VERIFIED,0 NO,01 NOT AT INTERSECTION/RRX/BRIDGE,04 DARK-LIGHTED,02 CLOUDY,02 WET,01 LEVEL,1 STRAIGHT,"TWO-WAY, DIVIDED, POSITIVE MED",,NO CONTROLS,NOT CODED,10,"RD SURFC (WET, ICY, SNOW, ETC)",NOT CODED,NOT CODED,WEATHER CONDITIONS,NOT CODED,NOT CODED,09 OTHER NON-COLLISION,77 OTHER (SEE NARRATIVE),06 CHANGING LANES,NO CONTRIBUTING ACTION,NOT CODED,00 NOT CODED,00 NOT CODED,00 NOT CODED,00 NOT CODED,01 NO,0,0,0,0,1,0,1,1,N,N,N,N,Y,N,N,N,N,N,N,N,N,N,N,N,N,N,N,N,Y,N,N,N,N,N,26.757198448,-80.090331042,590448.28063,2959866.473763,R,,ARBM15Q1R2,"February 28, 2022",2385450,-8915615.167107,3093170.1313552125
2018855546810,2018,855546810,FHPL18OFF084197,FLORIDA HIGHWAY PATROL,04 FOURTH,PALM BEACH,"October 8, 2018",0805,TUESDAY,9394 WEST PALM BEACH,0694,N,SR 9,SR 708,0.25,N,26.78348,-80.10011,26.787295,-80.0988142,93220000,33.26,01212,SR 9,I 95,L LEFT,1 THRU LANE 1,S SOUTH,01 INTERSTATE URBAN,01 INTERSTATE,01 NON-JUNCTION,01 ON ROADWAY,01 NOT AT INTERSECTION,01 PAVED,34,"May 15, 2017",11 URBAN PRIN ART INT.,64,PAVED WARN,13,,0,,0,32,210000,RCI,7.4,,65,2 POSSIBLE INJURY,31 Q/C COMPLETED - LOC VERIFIED,0 NO,01 NOT AT INTERSECTION/RRX/BRIDGE,01 DAYLIGHT,01 CLEAR,01 DRY,01 LEVEL,1 STRAIGHT,"TWO-WAY, DIVIDED, POSITIVE MED","TWO-WAY, DIVIDED, POSITIVE MED",NO CONTROLS,NO CONTROLS,10,NONE,NOT CODED,NOT CODED,NONE,NOT CODED,NOT CODED,14 MOTOR VEHICLE IN TRANSPORT,02 FRONT TO FRONT,06 CHANGING LANES,OTHER CONTRIBUTING ACTION,NO CONTRIBUTING ACTION,00 NOT CODED,00 NOT CODED,00 NOT CODED,00 NOT CODED,01 NO,3,0,0,0,2,0,2,3,N,N,N,N,Y,N,N,N,N,N,Y,N,N,N,N,N,N,N,N,N,N,Y,Y,N,N,N,26.787116813,-80.099131744,589549.712354,2963174.120716,L,,ARBM15Q1R2,"February 28, 2022",2385499,-8916594.857094878,3096900.5077692484
2018872399800,2018,872399800,FHPL18OFF074589,FLORIDA HIGHWAY PATROL,04 FOURTH,PALM BEACH,"September 5, 2018",0630,THURSDAY,9394 WEST PALM BEACH,0694,N,I 95,BLUE HERON BLVD,0.057,S,26.785728,-80.0989433,26.7823139,-80.0989876,93220000,32.917,02376,SR 9,I 95,M MEDIAN,M MIDDLE,N NORTH,01 INTERSTATE URBAN,01 INTERSTATE,01 NON-JUNCTION,01 ON ROADWAY,01 NOT AT INTERSECTION,01 PAVED,34,"May 15, 2017",11 URBAN PRIN ART INT.,64,PAVED WARN,11,,0,,0,32,210000,RCI,7.4,,65,1 NO INJURY,31 Q/C COMPLETED - LOC VERIFIED,0 NO,01 NOT AT INTERSECTION/RRX/BRIDGE,02 DUSK,02 CLOUDY,02 WET,01 LEVEL,1 STRAIGHT,"TWO-WAY, DIVIDED, POSITIVE MED",,NO CONTROLS,NOT CODED,10,NONE,NOT CODED,NOT CODED,NONE,NOT CODED,NOT CODED,30 CONCRETE TRAFFIC BARRIER,77 OTHER (SEE NARRATIVE),01 STRAIGHT AHEAD,RAN OFF ROADWAY,NOT CODED,00 NOT CODED,00 NOT CODED,00 NOT CODED,00 NOT CODED,01 NO,0,0,0,0,1,0,1,2,N,N,N,N,Y,N,N,N,N,N,N,N,N,N,N,N,N,N,N,N,N,N,N,N,N,N,26.782179413,-80.099007155,589565.973356,2962627.322322,R,,ARBM15Q1R2,"February 28, 2022",2385943,-8916580.987910116,3096284.8195265317
2018872363350,2018,872363350,FHPK18OFF085039,FLORIDA HIGHWAY PATROL,08 TURNPIKE,PALM BEACH,"November 20, 2018",1153,WEDNESDAY,9394 WEST PALM BEACH,0694,N,SR 91,SR 710,3,S,26.76548,-80.1334899,26.7512892,-80.1343071,93470000,29.907,01452,SR 91,,R RIGHT,1 THRU LANE 1,N NORTH,03 TOLL ROAD URBAN,06 TURNPIKE/TOLL,01 NON-JUNCTION,01 ON ROADWAY,01 NOT AT INTERSECTION,01 PAVED,35,"June 14, 2016",12 URBAN PRIN ART EXPR.,24,PAVED WARN,7,VALLEY GUTR,3.5,,0,20,72300,RCI,14.3,,70,1 NO INJURY,31 Q/C COMPLETED - LOC VERIFIED,1 ALC,01 NOT AT INTERSECTION/RRX/BRIDGE,01 DAYLIGHT,01 CLEAR,01 DRY,01 LEVEL,1 STRAIGHT,"TWO-WAY, DIVIDED, POSITIVE MED","TWO-WAY, DIVIDED, POSITIVE MED",NO CONTROLS,NO CONTROLS,4,NONE,NOT CODED,NOT CODED,NONE,NOT CODED,NOT CODED,14 MOTOR VEHICLE IN TRANSPORT,01 FRONT TO REAR,01 STRAIGHT AHEAD,FOLLOWED TOO CLOSELY,NO CONTRIBUTING ACTION,00 NOT CODED,00 NOT CODED,00 NOT CODED,00 NOT CODED,01 NO,0,0,0,0,2,0,2,2,N,N,N,N,N,N,N,N,N,N,N,N,N,N,N,N,N,N,N,N,N,N,N,N,N,N,26.75118319,-80.134307825,586080.001831,2959169.702924,R,,ARBM15Q1R2,"February 28, 2022",2385955,-8920510.641599817,3092420.2361768177
2018872921570,2018,872921570,FHPL18OFF091813,FLORIDA HIGHWAY PATROL,04 FOURTH,PALM BEACH,"November 3, 2018",0705,SUNDAY,9394 WEST PALM BEACH,0694,Y,I 95,OKEECHOBEE BLVD,0.019,S,26.7034437,-80.073155,26.7055418,-80.0729783,93220061,0.157,01757,SR 9,I 95,R RIGHT,X RAMP,N NORTH,07 RAMP URBAN,01 INTERSTATE,14 ENTRANCE/EXIT RAMP,01 ON ROADWAY,01 NOT AT INTERSECTION,03 CURB,0,"December 31, 2000",,12,CURB&GUTTER,6,CURB&GUTTER,2,,0,,13000,RCI,3.9,,,1 NO INJURY,31 Q/C COMPLETED - LOC VERIFIED,0 NO,08 EXIT RAMP,01 DAYLIGHT,01 CLEAR,02 WET,01 LEVEL,2 CURVE RIGHT,ONE-WAY TRAFFICWAY,,NO CONTROLS,NOT CODED,1,"RD SURFC (WET, ICY, SNOW, ETC)",NOT CODED,NOT CODED,NONE,NOT CODED,NOT CODED,24 CURB,77 OTHER (SEE NARRATIVE),05 TURNING RIGHT,IMPROPER TURN,NOT CODED,00 NOT CODED,00 NOT CODED,00 NOT CODED,00 NOT CODED,01 NO,0,0,0,0,1,0,1,1,N,N,N,N,Y,N,N,N,N,N,N,N,N,N,N,N,N,N,N,N,N,N,N,N,N,N,26.705551272,-80.07298409,592214.81187,2954158.290334,O,,ARBM15Q1R2,"February 28, 2022",2385991,-8913684.112458227,3086732.803982612
2018855553560,2018,855553560,FHPK18OFF016353,FLORIDA HIGHWAY PATROL,08 TURNPIKE,PALM BEACH,"March 4, 2018",1740,MONDAY,9394 WEST PALM BEACH,0694,N,SR 91,BELVEDERE RD,0.057,S,26.67133,-80.1717299,26.6912366,-80.1569107,93470000,25.33,01447,SR 91,,L LEFT,2 THRU LANE 2,S SOUTH,03 TOLL ROAD URBAN,06 TURNPIKE/TOLL,01 NON-JUNCTION,01 ON ROADWAY,01 NOT AT INTERSECTION,01 PAVED,37,"June 14, 2016",12 URBAN PRIN ART EXPR.,24,PAVED WARN,12,,0,,0,20,76700,RCI,14.3,,70,1 NO INJURY,31 Q/C COMPLETED - LOC VERIFIED,0 NO,01 NOT AT INTERSECTION/RRX/BRIDGE,01 DAYLIGHT,01 CLEAR,01 DRY,01 LEVEL,1 STRAIGHT,"TWO-WAY, DIVIDED, POSITIVE MED","TWO-WAY, DIVIDED, POSITIVE MED",NO CONTROLS,NO CONTROLS,4,NONE,NOT CODED,NOT CODED,NONE,NOT CODED,NOT CODED,14 MOTOR VEHICLE IN TRANSPORT,01 FRONT TO REAR,01 STRAIGHT AHEAD,FOLLOWED TOO CLOSELY,NO CONTRIBUTING ACTION,00 NOT CODED,00 NOT CODED,00 NOT CODED,00 NOT CODED,01 NO,0,0,0,0,3,0,3,4,N,N,N,N,N,N,N,N,N,N,Y,N,N,N,N,N,N,N,N,N,N,Y,Y,N,N,N,26.691023444,-80.157303711,583837.379076,2952490.942059,L,,ARBM15Q1R2,"February 28, 2022",2386072,-8923070.532448312,3084922.5750021054