Crash Id,Calendar Year,FDOT Crash Number,Reporting Agency Case Number,Reporting Agency Type,FDOT Managing District,County Name,Crash Date,Crash Time,Day,DHSMV City,Crash Report City Code,In Town,On Roadway Name,Int Roadway Name,Reference Distance (Miles),Reference Direction,Officer Latitude,Officer Longitude,FDOT Latitude,FDOT Longitude,FDOT Roadway,Nearest Inventory MP,Nearest Node From Crash,State Road #,US Highway,Crash Side of Road,Accident Lane Number,Travel Direction Vehicle 1,FDOT Road Category,DHSMV Road System Id,Relation to Junction,Crash Harmful Event Location,Intersection Type,Shoulder Type,FDOT Roadway SKID Test Result,FDOT Roadway SKID Test Date,Functional Class,RCI Surface Width,RCI Shoulder Type First,RCI Shoulder Width First,RCI Shoulder Type Second,RCI Shoulder Width Second,RCI Shoulder Type Third,RCI Shoulder Width Third,RCI Median Width,Avg Daily Traffic,AADT Source,RCI Avg Per Truck Traffic,RCI Horiz Curve Condition,Posted Speed Limit,Highest Injury in Crash,CAR Status Code,Alcohols/Drug Involved,Site Location,Lighting,Weather,Road Surface,Roadway Grade,Roadway Alignment,Traffic Way Vehicle 1,Traffic Way Vehicle 2,Traffic Control Vehicle 1,Traffic Control Vehicle 2,Count of Lanes,Road Condition 1,Road Condition 2,Road Condition 3,Environment Condition 1,Environment Condition 2,Environment Condition 3,Crash Harmful Event,Manner of Collision,Vehicle Movement,Driver Action Vehicle 1,Driver Action Vehicle 2,Location Within Workzone,Type of Workzone,Workers Present in Workzone,Law Enforcement Present in Workzone,School Bus Related,Count of Nonfatal Injuries,Count of Traffic Fatalities,Count of Serious Injuries,Count of Pedestrians,Count of Drivers,Count of Bicyclists,Count of Vehicles,Count of Persons,Wrong Way,Workzone Inv,Commercial Vehicle Inv,Intersection Inv,Lane Departure,Speeding,Agressive Driving,Impaired Driver,Impaired Pedestrian,Impaired Bicyclist,Distracted Driver,Speeding or Aggressive Driving,Pedestrian Related,Bicyclist Related,Pedestrian or Bicyclist Related,Motorcycle Inv,No Belt,No Belt - Ages 1-4,No Belt - Ages 5-12,No Belt - Ages 13-17,Driver - Ages Teen,Driver - Ages 65 plus,Driver - Ages 65-69,Driver - Ages 70-74,Driver - Ages 75-79,Driver - Ages 80 plus,ARBM Latitude,ARBM Longitude,UTM Zone 17N X,UTM Zone 17N Y,ARBM Side of Road,Urban Rural Indicator,GIS Street Source,Extract Date,OBJECTID,x,y
2018875794130,2018,875794130,20180000038,COUNTY SHERIFF'S OFFICE,04 FOURTH,PALM BEACH,"December 31, 2017",1724,MONDAY,9394 WEST PALM BEACH,0694,Y,S OLIVE AVE,EVERNIA,0,E,0,0,26.711311,-80.051929,93020000,8.226,,,,I INTERSECTION,M MIDDLE,N NORTH,,05 LOCAL,02 INTERSECTION,01 ON ROADWAY,02 FOUR-WAY INTERSECTION,03 CURB,0,"December 31, 2000",,,,0,,0,,0,,,RCI,0,,,3 NO-INCAPACITATING INJURY,33 Q/C VERIFIED AS OFF-SYSTEM,0 NO,02 AT INTERSECTION,01 DAYLIGHT,02 CLOUDY,01 DRY,01 LEVEL,1 STRAIGHT,ONE-WAY TRAFFICWAY,"TWO-WAY, NOT DIVIDED",OTHER (SEE NARRATIVE),OTHER (SEE NARRATIVE),,NONE,NOT CODED,NOT CODED,NONE,NOT CODED,NOT CODED,14 MOTOR VEHICLE IN TRANSPORT,03 ANGLE,01 STRAIGHT AHEAD,OTHER CONTRIBUTING ACTION,OTHER CONTRIBUTING ACTION,00 NOT CODED,00 NOT CODED,00 NOT CODED,00 NOT CODED,01 NO,2,0,0,0,2,0,2,5,N,N,N,Y,N,N,N,N,N,N,N,N,N,N,N,N,N,N,N,N,N,N,N,N,N,N,26.711315074,-80.051927335,594304.7955,2954812.116,O,U,ARBM15Q1R2,"February 28, 2022",2409368,-8911340.084568227,3087451.0620938875
2018875802970,2018,875802970,20180002983,COUNTY SHERIFF'S OFFICE,04 FOURTH,PALM BEACH,"February 18, 2018",0825,MONDAY,9394 WEST PALM BEACH,0694,Y,PALM BEACH LAKES BLVD,N CONGRESS AVE,0.081,W,0,0,26.723678,-80.08467,93014500,1.547,,,,R RIGHT,2 THRU LANE 2,E EAST,,05 LOCAL,01 NON-JUNCTION,01 ON ROADWAY,01 NOT AT INTERSECTION,03 CURB,0,"December 31, 2000",,,,0,,0,,0,,,RCI,0,,,1 NO INJURY,33 Q/C VERIFIED AS OFF-SYSTEM,0 NO,01 NOT AT INTERSECTION/RRX/BRIDGE,01 DAYLIGHT,01 CLEAR,01 DRY,01 LEVEL,1 STRAIGHT,"TWO-WAY, DIVIDED, POSITIVE MED","TWO-WAY, DIVIDED, POSITIVE MED",NO CONTROLS,NO CONTROLS,,NONE,NOT CODED,NOT CODED,NONE,NOT CODED,NOT CODED,14 MOTOR VEHICLE IN TRANSPORT,03 ANGLE,77 OTHER (SEE NARRATIVE),NOT CODED,NO CONTRIBUTING ACTION,00 NOT CODED,00 NOT CODED,00 NOT CODED,00 NOT CODED,01 NO,0,0,0,0,2,0,2,2,N,N,N,N,N,N,N,N,N,N,N,N,N,N,N,N,N,N,N,N,N,N,N,N,N,N,26.723679675,-80.08467116,591037.760188,2956157.849284,R,U,ARBM15Q1R2,"February 28, 2022",2410511,-8914985.111554718,3088992.003469152
2018872384300,2018,872384300,FHPL18OFF062174,FLORIDA HIGHWAY PATROL,04 FOURTH,PALM BEACH,"July 26, 2018",1052,FRIDAY,9394 WEST PALM BEACH,0694,Y,SR 9,SR 882,0.25,N,26.6654875,-80.0709646,26.6592914,-80.070229,93220000,23.79,02262,SR 9,I 95,M MEDIAN,M MIDDLE,S SOUTH,01 INTERSTATE URBAN,01 INTERSTATE,01 NON-JUNCTION,03 SHOULDER,01 NOT AT INTERSECTION,01 PAVED,32,"May 15, 2017",11 URBAN PRIN ART INT.,64,PAVED,8,VALLEY GUTR,3,,0,32,245000,RCI,7.4,,65,1 NO INJURY,31 Q/C COMPLETED - LOC VERIFIED,0 NO,01 NOT AT INTERSECTION/RRX/BRIDGE,01 DAYLIGHT,03 RAIN,02 WET,01 LEVEL,1 STRAIGHT,"TWO-WAY, DIVIDED, POSITIVE MED",,NO CONTROLS,NOT CODED,10,"RD SURFC (WET, ICY, SNOW, ETC)",NOT CODED,NOT CODED,WEATHER CONDITIONS,NOT CODED,NOT CODED,30 CONCRETE TRAFFIC BARRIER,77 OTHER (SEE NARRATIVE),01 STRAIGHT AHEAD,RAN OFF ROADWAY,NOT CODED,00 NOT CODED,00 NOT CODED,00 NOT CODED,00 NOT CODED,01 NO,0,0,0,0,1,0,1,1,N,N,N,N,Y,N,N,N,N,N,N,N,N,N,N,N,N,N,N,N,N,N,N,N,N,N,26.659051056,-80.070182338,592531.06684,2949009.817218,R,,ARBM15Q1R2,"February 28, 2022",2411363,-8913372.222668365,3080939.4929683027
2018875797560,2018,875797560,20180001119,COUNTY SHERIFF'S OFFICE,04 FOURTH,PALM BEACH,"January 18, 2018",1257,FRIDAY,9394 WEST PALM BEACH,0694,Y,DIXIE HWY S,NOTTINGHAM BLVD,0,,0,0,26.674363,-80.0548234,93050000,5.743,00129,SR 805,US 1,R RIGHT,2 THRU LANE 2,W WEST,21 URBAN 4-5LN 2WY DIVD PAVD,05 LOCAL,02 INTERSECTION,01 ON ROADWAY,02 FOUR-WAY INTERSECTION,03 CURB,35,"May 1, 2017",16 URBAN MINOR ART,24,CURB&GUTTER,2,,0,,0,13,20500,RCI,7,,35,1 NO INJURY,31 Q/C COMPLETED - LOC VERIFIED,0 NO,02 AT INTERSECTION,01 DAYLIGHT,01 CLEAR,01 DRY,01 LEVEL,1 STRAIGHT,"TWO-WAY, NOT DIVIDED","TWO-WAY, NOT DIVIDED",TRAFFIC CONTROL SIGNAL,TRAFFIC CONTROL SIGNAL,4,NONE,NOT CODED,NOT CODED,NONE,NOT CODED,NOT CODED,14 MOTOR VEHICLE IN TRANSPORT,03 ANGLE,01 STRAIGHT AHEAD,OTHER CONTRIBUTING ACTION,OTHER CONTRIBUTING ACTION,00 NOT CODED,00 NOT CODED,00 NOT CODED,00 NOT CODED,01 NO,0,0,0,0,2,0,2,2,N,N,N,Y,N,N,N,N,N,N,N,N,N,N,N,N,N,N,N,N,N,N,N,N,N,N,26.674341622,-80.05482272,594047.126181,2950714.670077,C,,ARBM15Q1R2,"February 28, 2022",2411947,-8911662.397301292,3082844.2343345047
2018875801340,2018,875801340,20180002438,COUNTY SHERIFF'S OFFICE,04 FOURTH,PALM BEACH,"February 9, 2018",0720,SATURDAY,9394 WEST PALM BEACH,0694,Y,OKEECHOBEE BLVD,ALABAMA AVE,0.009,E,0,0,26.7055116,-80.0550919,93280000,9.006,01773,SR 704,,L LEFT,3 THRU LANE 3,W WEST,40 URBAN ONE WAY,03 STATE,03 INTERSECTION-RELATED,01 ON ROADWAY,01 NOT AT INTERSECTION,03 CURB,39,"May 2, 2017",16 URBAN MINOR ART,46,CURB&GUTTER,2,,0,,0,,20000,RCI,2.8,,35,1 NO INJURY,31 Q/C COMPLETED - LOC VERIFIED,0 NO,03 INFLUENCED BY INTERSECTION,01 DAYLIGHT,01 CLEAR,01 DRY,01 LEVEL,1 STRAIGHT,"TWO-WAY, DIVIDED, POSITIVE MED","TWO-WAY, DIVIDED, POSITIVE MED",NO CONTROLS,NO CONTROLS,4,NONE,NOT CODED,NOT CODED,NONE,NOT CODED,NOT CODED,14 MOTOR VEHICLE IN TRANSPORT,01 FRONT TO REAR,01 STRAIGHT AHEAD,FOLLOWED TOO CLOSELY,NO CONTRIBUTING ACTION,00 NOT CODED,00 NOT CODED,00 NOT CODED,00 NOT CODED,01 NO,0,0,0,0,2,0,2,2,N,N,N,Y,N,N,N,N,N,N,N,N,N,N,N,N,N,N,N,N,N,N,N,N,N,N,26.705476557,-80.055116594,593992.336359,2954163.064496,O,,ARBM15Q1R2,"February 28, 2022",2411948,-8911695.111292725,3086723.493614039
2018872127580,2018,872127580,FHPL18OFF050060,FLORIDA HIGHWAY PATROL,04 FOURTH,PALM BEACH,"June 14, 2018",1948,FRIDAY,9394 WEST PALM BEACH,0694,N,I 95,BELVEDERE RD,0.1,N,26.6949485,-80.0685152,26.6924096,-80.0670054,93220000,26.115,02141,SR 9,I 95,R RIGHT,3 THRU LANE 3,N NORTH,01 INTERSTATE URBAN,01 INTERSTATE,01 NON-JUNCTION,01 ON ROADWAY,01 NOT AT INTERSECTION,01 PAVED,33,"May 15, 2017",11 URBAN PRIN ART INT.,64,PAVED,6,,0,,0,32,247000,RCI,7.4,,65,3 NO-INCAPACITATING INJURY,31 Q/C COMPLETED - LOC VERIFIED,0 NO,01 NOT AT INTERSECTION/RRX/BRIDGE,04 DARK-LIGHTED,02 CLOUDY,02 WET,01 LEVEL,1 STRAIGHT,"TWO-WAY, DIVIDED, POSITIVE MED","TWO-WAY, DIVIDED, POSITIVE MED",NO CONTROLS,NO CONTROLS,10,"RD SURFC (WET, ICY, SNOW, ETC)",NOT CODED,NOT CODED,WEATHER CONDITIONS,NOT CODED,NOT CODED,14 MOTOR VEHICLE IN TRANSPORT,01 FRONT TO REAR,01 STRAIGHT AHEAD,OTHER CONTRIBUTING ACTION,NO CONTRIBUTING ACTION,00 NOT CODED,00 NOT CODED,00 NOT CODED,00 NOT CODED,01 NO,1,0,0,0,2,0,2,2,N,N,N,N,Y,N,N,N,N,N,N,N,N,N,N,N,N,N,N,N,N,N,N,N,N,N,26.692213916,-80.066982215,592822.688937,2952685.356493,R,,ARBM15Q1R2,"February 28, 2022",2412325,-8913015.98664104,3085070.9043597886
2018872447710,2018,872447710,FHPL18OFF066890,FLORIDA HIGHWAY PATROL,04 FOURTH,PALM BEACH,"August 10, 2018",1718,SATURDAY,9394 WEST PALM BEACH,0694,Y,SR 9,BLUE HERON BLVD,0.028,S,26.7832259,-80.098974,26.7827352,-80.0989728,93220000,32.946,02376,SR 9,I 95,M MEDIAN,M MIDDLE,N NORTH,01 INTERSTATE URBAN,01 INTERSTATE,01 NON-JUNCTION,02 OFF ROADWAY,01 NOT AT INTERSECTION,01 PAVED,34,"May 15, 2017",11 URBAN PRIN ART INT.,64,PAVED WARN,11,,0,,0,32,210000,RCI,7.4,,65,1 NO INJURY,31 Q/C COMPLETED - LOC VERIFIED,0 NO,01 NOT AT INTERSECTION/RRX/BRIDGE,01 DAYLIGHT,03 RAIN,02 WET,01 LEVEL,1 STRAIGHT,"TWO-WAY, DIVIDED, POSITIVE MED",,NO CONTROLS,NOT CODED,10,NONE,NOT CODED,NOT CODED,NONE,NOT CODED,NOT CODED,30 CONCRETE TRAFFIC BARRIER,77 OTHER (SEE NARRATIVE),06 CHANGING LANES,NO CONTRIBUTING ACTION,NOT CODED,00 NOT CODED,00 NOT CODED,00 NOT CODED,00 NOT CODED,01 NO,0,0,0,0,1,0,1,1,N,N,N,N,Y,N,N,N,N,N,N,N,N,N,N,N,N,N,N,N,N,N,N,N,N,N,26.782600509,-80.098991265,589567.222554,2962673.975774,R,,ARBM15Q1R2,"February 28, 2022",2412429,-8916579.218974559,3096337.328728313
2018872447730,2018,872447730,FHPL18OFF067203,FLORIDA HIGHWAY PATROL,04 FOURTH,PALM BEACH,"August 11, 2018",2130,SUNDAY,9394 WEST PALM BEACH,0694,Y,I 95,OKEECHOBBE BLVD,0.028,S,26.70595,-80.07438,26.7074946,-80.0768502,93220148,0.15,04904,SR 9,I 95,L LEFT,X RAMP,S SOUTH,07 RAMP URBAN,01 INTERSTATE,14 ENTRANCE/EXIT RAMP,01 ON ROADWAY,01 NOT AT INTERSECTION,01 PAVED,0,"December 31, 2000",,15,PAVED,6,,0,,0,,11500,RCI,3.9,,,3 NO-INCAPACITATING INJURY,31 Q/C COMPLETED - LOC VERIFIED,0 NO,07 ENTRANCE RAMP,04 DARK-LIGHTED,02 CLOUDY,01 DRY,01 LEVEL,1 STRAIGHT,ONE-WAY TRAFFICWAY,ONE-WAY TRAFFICWAY,NO CONTROLS,NO CONTROLS,1,NONE,NOT CODED,NOT CODED,NONE,NOT CODED,NOT CODED,14 MOTOR VEHICLE IN TRANSPORT,01 FRONT TO REAR,88 UNKNOWN,OTHER CONTRIBUTING ACTION,NO CONTRIBUTING ACTION,00 NOT CODED,00 NOT CODED,00 NOT CODED,00 NOT CODED,01 NO,2,0,0,0,2,0,2,2,N,N,N,N,N,N,N,N,N,N,N,N,N,N,N,N,N,N,N,N,N,N,N,N,N,N,26.707474751,-80.076847977,591828.889226,2954368.551702,O,,ARBM15Q1R2,"February 28, 2022",2412833,-8914114.238610225,3086972.494839572
2018872137460,2018,872137460,FHPL18OFF049144,FLORIDA HIGHWAY PATROL,04 FOURTH,PALM BEACH,"June 11, 2018",1900,TUESDAY,9394 WEST PALM BEACH,0694,Y,I 95,PALM BEACH LAKES BLVD,0.028,S,26.7189599,-80.08946,26.7189903,-80.0887286,93220070,0.19,04376,SR 9,I 95,R RIGHT,X RAMP,N NORTH,07 RAMP URBAN,01 INTERSTATE,14 ENTRANCE/EXIT RAMP,01 ON ROADWAY,03 T-INTERSECTION,01 PAVED,0,"December 31, 2000",,24,PAVED,11,LAWN,5,,0,,17500,RCI,3.9,,,3 NO-INCAPACITATING INJURY,31 Q/C COMPLETED - LOC VERIFIED,0 NO,08 EXIT RAMP,01 DAYLIGHT,01 CLEAR,01 DRY,01 LEVEL,1 STRAIGHT,ONE-WAY TRAFFICWAY,ONE-WAY TRAFFICWAY,TRAFFIC CONTROL SIGNAL,TRAFFIC CONTROL SIGNAL,2,NONE,NOT CODED,NOT CODED,NONE,NOT CODED,NOT CODED,14 MOTOR VEHICLE IN TRANSPORT,01 FRONT TO REAR,14 SLOWING,OPERATED MV IN CARLESS OR NEGL,NO CONTRIBUTING ACTION,00 NOT CODED,00 NOT CODED,00 NOT CODED,00 NOT CODED,01 NO,2,0,0,0,3,0,3,4,N,N,N,N,N,N,N,N,N,N,N,N,N,N,N,N,N,N,N,N,N,N,N,N,N,N,26.71897346,-80.088738292,590636.954661,2955633.673681,O,,ARBM15Q1R2,"February 28, 2022",2412944,-8915437.86276095,3088405.470480076
2018872137510,2018,872137510,FHPL18OFF050673,FLORIDA HIGHWAY PATROL,04 FOURTH,PALM BEACH,"June 17, 2018",0010,MONDAY,9394 WEST PALM BEACH,0694,Y,I 95,BELVEDERE RD,0,,26.69076,-80.0669999,26.6894125,-80.0672545,93220159,0,04925,SR 9,I 95,L LEFT,X RAMP,S SOUTH,07 RAMP URBAN,01 INTERSTATE,14 ENTRANCE/EXIT RAMP,01 ON ROADWAY,01 NOT AT INTERSECTION,01 PAVED,0,"December 31, 2000",,15,PAVED,2,LAWN,12,,0,,6200,RCI,3.9,,,1 NO INJURY,31 Q/C COMPLETED - LOC VERIFIED,0 NO,08 EXIT RAMP,04 DARK-LIGHTED,02 CLOUDY,01 DRY,01 LEVEL,2 CURVE RIGHT,ONE-WAY TRAFFICWAY,,NO CONTROLS,NOT CODED,1,NONE,NOT CODED,NOT CODED,NONE,NOT CODED,NOT CODED,31 OTHER TRAFFIC BARRIER,77 OTHER (SEE NARRATIVE),01 STRAIGHT AHEAD,RAN OFF ROADWAY,NOT CODED,00 NOT CODED,00 NOT CODED,00 NOT CODED,00 NOT CODED,01 NO,0,0,0,0,1,0,1,1,N,N,N,N,Y,N,N,N,N,N,N,N,N,N,N,N,N,N,N,N,N,N,N,N,N,N,26.689420657,-80.06726873,592796.4456,2952375.7578,O,,ARBM15Q1R2,"February 28, 2022",2412945,-8913047.881283855,3084722.875336861
2018875795190,2018,875795190,20180000414,COUNTY SHERIFF'S OFFICE,04 FOURTH,PALM BEACH,"January 6, 2018",1858,SUNDAY,9394 WEST PALM BEACH,0694,Y,VILLAGE BLVD,PALM BEACH LAKES BLVD,0.009,N,0,0,26.711791,-80.096206,93577000,0.393,,,,L LEFT,L LEFT TURN,S SOUTH,,05 LOCAL,01 NON-JUNCTION,01 ON ROADWAY,01 NOT AT INTERSECTION,03 CURB,0,"December 31, 2000",,,,0,,0,,0,,,RCI,0,,,1 NO INJURY,33 Q/C VERIFIED AS OFF-SYSTEM,0 NO,01 NOT AT INTERSECTION/RRX/BRIDGE,04 DARK-LIGHTED,01 CLEAR,02 WET,01 LEVEL,1 STRAIGHT,"TWO-WAY, DIVIDED, UNPROTECTED","TWO-WAY, DIVIDED, UNPROTECTED",NO CONTROLS,NO CONTROLS,,NONE,NOT CODED,NOT CODED,NONE,NOT CODED,NOT CODED,14 MOTOR VEHICLE IN TRANSPORT,03 ANGLE,03 TURNING LEFT,OTHER CONTRIBUTING ACTION,NO CONTRIBUTING ACTION,00 NOT CODED,00 NOT CODED,00 NOT CODED,00 NOT CODED,01 NO,0,0,0,0,2,0,2,3,N,N,N,N,N,N,N,N,N,N,N,N,N,N,N,N,N,N,N,N,N,N,N,N,N,N,26.711791909,-80.096205169,589899.879831,2954832.933743,C,U,ARBM15Q1R2,"February 28, 2022",2413529,-8916269.07201464,3087510.4844940617
2018875798630,2018,875798630,20180001523,COUNTY SHERIFF'S OFFICE,04 FOURTH,PALM BEACH,"January 25, 2018",0648,FRIDAY,9394 WEST PALM BEACH,0694,Y,45TH ST,N CONGRESS AVE,0.023,E,0,0,26.758957,-80.085889,93510000,1.4,,,,L LEFT,2 THRU LANE 2,0,,05 LOCAL,01 NON-JUNCTION,01 ON ROADWAY,01 NOT AT INTERSECTION,03 CURB,0,"December 31, 2000",,,,0,,0,,0,,,RCI,0,,,1 NO INJURY,33 Q/C VERIFIED AS OFF-SYSTEM,0 NO,01 NOT AT INTERSECTION/RRX/BRIDGE,01 DAYLIGHT,01 CLEAR,01 DRY,00 NOT CODED,0 NOT CODED,NOT CODED,"TWO-WAY, DIVIDED, POSITIVE MED",NOT CODED,NO CONTROLS,,NONE,NOT CODED,NOT CODED,NONE,NOT CODED,NOT CODED,14 MOTOR VEHICLE IN TRANSPORT,01 FRONT TO REAR,00 NOT CODED,NOT CODED,NO CONTRIBUTING ACTION,00 NOT CODED,00 NOT CODED,00 NOT CODED,00 NOT CODED,01 NO,0,0,0,0,3,0,4,3,N,N,N,N,N,N,N,N,N,N,N,N,N,N,N,N,N,N,N,N,N,N,N,N,N,N,26.758955063,-80.085889,590888.577032,2960064.20825,L,U,ARBM15Q1R2,"February 28, 2022",2413619,-8915120.681122847,3093389.1279700254
2018871736580,2018,871736580,FHPL18OFF084185,FLORIDA HIGHWAY PATROL,04 FOURTH,PALM BEACH,"October 8, 2018",0759,TUESDAY,9394 WEST PALM BEACH,0694,N,SR 9,45TH ST,1.3,S,26.7353048,-80.0911118,26.7374401,-80.0906729,93220000,29.735,01220,SR 9,I 95,M MEDIAN,M MIDDLE,S SOUTH,01 INTERSTATE URBAN,01 INTERSTATE,01 NON-JUNCTION,01 ON ROADWAY,01 NOT AT INTERSECTION,01 PAVED,34,"May 15, 2017",11 URBAN PRIN ART INT.,78,PAVED WARN,11,LAWN,12,,0,32,210000,RCI,7.4,,65,3 NO-INCAPACITATING INJURY,31 Q/C COMPLETED - LOC VERIFIED,0 NO,01 NOT AT INTERSECTION/RRX/BRIDGE,01 DAYLIGHT,02 CLOUDY,02 WET,01 LEVEL,1 STRAIGHT,"TWO-WAY, DIVIDED, POSITIVE MED","TWO-WAY, DIVIDED, POSITIVE MED",NO CONTROLS,NO CONTROLS,11,NONE,NOT CODED,NOT CODED,NONE,NOT CODED,NOT CODED,14 MOTOR VEHICLE IN TRANSPORT,"04 SIDESWIPE, SAME DIRECTION",06 CHANGING LANES,FAILED TO KEEP IN PROPER LANE,NO CONTRIBUTING ACTION,00 NOT CODED,00 NOT CODED,00 NOT CODED,00 NOT CODED,01 NO,3,0,0,0,2,0,2,3,N,N,N,N,Y,N,N,N,N,N,N,N,N,N,N,N,N,N,N,N,N,N,N,N,N,N,26.737281129,-80.090702688,590427.084553,2957660.095703,R,,ARBM15Q1R2,"February 28, 2022",2413646,-8915656.53838335,3090687.281331628
2018872034590,2018,872034590,FHPL18OFF038553,FLORIDA HIGHWAY PATROL,04 FOURTH,PALM BEACH,"May 8, 2018",1216,WEDNESDAY,9394 WEST PALM BEACH,0694,N,I 95,FOREST HILL BLVD,0,,26.65531,-80.0693899,26.6554449,-80.0702743,93220051,0.18,03831,SR 9,I 95,L LEFT,X RAMP,S SOUTH,07 RAMP URBAN,01 INTERSTATE,14 ENTRANCE/EXIT RAMP,01 ON ROADWAY,03 T-INTERSECTION,03 CURB,0,"December 31, 2000",,12,PAVED,3,LAWN,12,,0,,14500,RCI,3.7,,,2 POSSIBLE INJURY,31 Q/C COMPLETED - LOC VERIFIED,0 NO,08 EXIT RAMP,01 DAYLIGHT,01 CLEAR,01 DRY,01 LEVEL,1 STRAIGHT,ONE-WAY TRAFFICWAY,ONE-WAY TRAFFICWAY,TRAFFIC CONTROL SIGNAL,TRAFFIC CONTROL SIGNAL,1,NONE,NOT CODED,NOT CODED,NONE,NOT CODED,NOT CODED,14 MOTOR VEHICLE IN TRANSPORT,01 FRONT TO REAR,01 STRAIGHT AHEAD,OTHER CONTRIBUTING ACTION,NO CONTRIBUTING ACTION,00 NOT CODED,00 NOT CODED,00 NOT CODED,00 NOT CODED,01 NO,1,0,0,0,2,0,2,2,N,N,N,N,N,N,N,N,N,N,N,N,N,N,N,N,N,N,N,N,N,N,N,N,N,N,26.655437255,-80.070264381,592525.8162,2948609.4838,O,,ARBM15Q1R2,"February 28, 2022",2414015,-8913381.35563627,3080489.3602218623
2018875797600,2018,875797600,20180001130,COUNTY SHERIFF'S OFFICE,04 FOURTH,PALM BEACH,"January 18, 2018",1621,FRIDAY,9394 WEST PALM BEACH,0694,Y,LAKEVIEW AVE,CHASE AVE,0,E,0,0,26.706197,-80.05056,93280001,0.11,,,,I INTERSECTION,M MIDDLE,S SOUTH,,03 STATE,02 INTERSECTION,01 ON ROADWAY,02 FOUR-WAY INTERSECTION,03 CURB,0,"December 31, 2000",,,,0,,0,,0,,,RCI,0,,,2 POSSIBLE INJURY,33 Q/C VERIFIED AS OFF-SYSTEM,0 NO,02 AT INTERSECTION,01 DAYLIGHT,02 CLOUDY,01 DRY,01 LEVEL,1 STRAIGHT,"TWO-WAY, NOT DIVIDED",ONE-WAY TRAFFICWAY,STOP SIGN,NO CONTROLS,,NONE,NOT CODED,NOT CODED,NONE,NOT CODED,NOT CODED,14 MOTOR VEHICLE IN TRANSPORT,03 ANGLE,01 STRAIGHT AHEAD,FAILED TO YIELD RIGHT-OF-WAY,NO CONTRIBUTING ACTION,00 NOT CODED,00 NOT CODED,00 NOT CODED,00 NOT CODED,01 NO,2,0,0,0,2,0,2,3,N,N,N,Y,N,N,N,N,N,N,N,N,N,N,N,N,N,N,N,N,N,Y,N,N,N,Y,26.706195075,-80.050557335,594445.301,2954246.0201,O,U,ARBM15Q1R2,"February 28, 2022",2414102,-8911187.576866414,3086813.029955908
2018871971840,2018,871971840,FHPL18OFF043980,FLORIDA HIGHWAY PATROL,04 FOURTH,PALM BEACH,"May 24, 2018",1650,FRIDAY,9394 WEST PALM BEACH,0694,N,I 95,45TH ST,0.5,S,26.7705166,-80.0958251,26.7490502,-80.0900358,93220000,30.535,01188,SR 9,I 95,L LEFT,6 THRU LANE 6,S SOUTH,01 INTERSTATE URBAN,01 INTERSTATE,01 NON-JUNCTION,01 ON ROADWAY,01 NOT AT INTERSECTION,01 PAVED,34,"May 15, 2017",11 URBAN PRIN ART INT.,64,PAVED,11,LAWN,12,,0,32,210000,RCI,7.4,,65,1 NO INJURY,31 Q/C COMPLETED - LOC VERIFIED,0 NO,01 NOT AT INTERSECTION/RRX/BRIDGE,01 DAYLIGHT,03 RAIN,02 WET,02 HILLCREST,1 STRAIGHT,"TWO-WAY, DIVIDED, POSITIVE MED","TWO-WAY, DIVIDED, POSITIVE MED",NO CONTROLS,NO CONTROLS,10,"RD SURFC (WET, ICY, SNOW, ETC)",NOT CODED,NOT CODED,WEATHER CONDITIONS,NOT CODED,NOT CODED,14 MOTOR VEHICLE IN TRANSPORT,03 ANGLE,01 STRAIGHT AHEAD,FAILED TO KEEP IN PROPER LANE,NO CONTRIBUTING ACTION,00 NOT CODED,00 NOT CODED,00 NOT CODED,00 NOT CODED,01 NO,0,0,0,0,2,0,2,2,N,N,N,N,Y,N,N,N,N,N,N,N,N,N,N,N,N,N,N,N,Y,N,N,N,N,N,26.748857179,-80.090366247,590451.383405,2958942.539012,L,,ARBM15Q1R2,"February 28, 2022",2414193,-8915619.086008662,3092130.2738211458
2018871742470,2018,871742470,FHPL18OFF033281,FLORIDA HIGHWAY PATROL,04 FOURTH,PALM BEACH,"April 21, 2018",2356,SUNDAY,9394 WEST PALM BEACH,0694,Y,I 95,BELVEDERE RD,0.5,N,26.6977648,-80.0705398,26.6972672,-80.0699498,93220000,26.515,04933,SR 9,I 95,M MEDIAN,M MIDDLE,S SOUTH,01 INTERSTATE URBAN,01 INTERSTATE,01 NON-JUNCTION,01 ON ROADWAY,01 NOT AT INTERSECTION,01 PAVED,33,"May 15, 2017",11 URBAN PRIN ART INT.,64,PAVED WARN,13,,0,,0,32,247000,RCI,7.4,,65,1 NO INJURY,31 Q/C COMPLETED - LOC VERIFIED,0 NO,01 NOT AT INTERSECTION/RRX/BRIDGE,04 DARK-LIGHTED,02 CLOUDY,02 WET,01 LEVEL,1 STRAIGHT,"TWO-WAY, DIVIDED, POSITIVE MED",,NO CONTROLS,NOT CODED,10,"RD SURFC (WET, ICY, SNOW, ETC)",NOT CODED,NOT CODED,WEATHER CONDITIONS,NOT CODED,NOT CODED,30 CONCRETE TRAFFIC BARRIER,77 OTHER (SEE NARRATIVE),01 STRAIGHT AHEAD,DROVE TOO FAST FOR CONDITIONS,NOT CODED,00 NOT CODED,00 NOT CODED,00 NOT CODED,00 NOT CODED,01 NO,0,0,0,0,1,0,1,1,N,N,N,N,Y,Y,N,N,N,N,N,Y,N,N,N,N,N,N,N,N,N,N,N,N,N,N,26.697378362,-80.069949878,592523.259181,2953255.230455,R,,ARBM15Q1R2,"February 28, 2022",2414206,-8913346.345373739,3085714.396479494