Crash Id,Calendar Year,FDOT Crash Number,Reporting Agency Case Number,Reporting Agency Type,FDOT Managing District,County Name,Crash Date,Crash Time,Day,DHSMV City,Crash Report City Code,In Town,On Roadway Name,Int Roadway Name,Reference Distance (Miles),Reference Direction,Officer Latitude,Officer Longitude,FDOT Latitude,FDOT Longitude,FDOT Roadway,Nearest Inventory MP,Nearest Node From Crash,State Road #,US Highway,Crash Side of Road,Accident Lane Number,Travel Direction Vehicle 1,FDOT Road Category,DHSMV Road System Id,Relation to Junction,Crash Harmful Event Location,Intersection Type,Shoulder Type,FDOT Roadway SKID Test Result,FDOT Roadway SKID Test Date,Functional Class,RCI Surface Width,RCI Shoulder Type First,RCI Shoulder Width First,RCI Shoulder Type Second,RCI Shoulder Width Second,RCI Shoulder Type Third,RCI Shoulder Width Third,RCI Median Width,Avg Daily Traffic,AADT Source,RCI Avg Per Truck Traffic,RCI Horiz Curve Condition,Posted Speed Limit,Highest Injury in Crash,CAR Status Code,Alcohols/Drug Involved,Site Location,Lighting,Weather,Road Surface,Roadway Grade,Roadway Alignment,Traffic Way Vehicle 1,Traffic Way Vehicle 2,Traffic Control Vehicle 1,Traffic Control Vehicle 2,Count of Lanes,Road Condition 1,Road Condition 2,Road Condition 3,Environment Condition 1,Environment Condition 2,Environment Condition 3,Crash Harmful Event,Manner of Collision,Vehicle Movement,Driver Action Vehicle 1,Driver Action Vehicle 2,Location Within Workzone,Type of Workzone,Workers Present in Workzone,Law Enforcement Present in Workzone,School Bus Related,Count of Nonfatal Injuries,Count of Traffic Fatalities,Count of Serious Injuries,Count of Pedestrians,Count of Drivers,Count of Bicyclists,Count of Vehicles,Count of Persons,Wrong Way,Workzone Inv,Commercial Vehicle Inv,Intersection Inv,Lane Departure,Speeding,Agressive Driving,Impaired Driver,Impaired Pedestrian,Impaired Bicyclist,Distracted Driver,Speeding or Aggressive Driving,Pedestrian Related,Bicyclist Related,Pedestrian or Bicyclist Related,Motorcycle Inv,No Belt,No Belt - Ages 1-4,No Belt - Ages 5-12,No Belt - Ages 13-17,Driver - Ages Teen,Driver - Ages 65 plus,Driver - Ages 65-69,Driver - Ages 70-74,Driver - Ages 75-79,Driver - Ages 80 plus,ARBM Latitude,ARBM Longitude,UTM Zone 17N X,UTM Zone 17N Y,ARBM Side of Road,Urban Rural Indicator,GIS Street Source,Extract Date,OBJECTID,x,y
2018852497180,2018,852497180,FHPK18OFF042944,FLORIDA HIGHWAY PATROL,08 TURNPIKE,PALM BEACH,"June 10, 2018",1235,MONDAY,9394 WEST PALM BEACH,0694,N,FL TPK,MILE MARKER #97,0,,26.67133,-80.1717299,26.6727214,-80.1708767,93470000,23.787,01492,SR 91,,M MEDIAN,M MIDDLE,S SOUTH,03 TOLL ROAD URBAN,06 TURNPIKE/TOLL,01 NON-JUNCTION,01 ON ROADWAY,01 NOT AT INTERSECTION,01 PAVED,37,"June 14, 2016",12 URBAN PRIN ART EXPR.,24,PAVED WARN,10,LAWN,12,,0,20,79000,RCI,11,0D4500,70,1 NO INJURY,31 Q/C COMPLETED - LOC VERIFIED,0 NO,01 NOT AT INTERSECTION/RRX/BRIDGE,01 DAYLIGHT,03 RAIN,02 WET,01 LEVEL,1 STRAIGHT,"TWO-WAY, DIVIDED, POSITIVE MED",,NO CONTROLS,NOT CODED,4,"RD SURFC (WET, ICY, SNOW, ETC)",NOT CODED,NOT CODED,WEATHER CONDITIONS,NOT CODED,NOT CODED,09 OTHER NON-COLLISION,77 OTHER (SEE NARRATIVE),01 STRAIGHT AHEAD,DROVE TOO FAST FOR CONDITIONS,NOT CODED,00 NOT CODED,00 NOT CODED,00 NOT CODED,00 NOT CODED,01 NO,0,0,0,0,1,0,1,1,N,N,N,N,Y,Y,N,N,N,N,N,Y,N,N,N,N,N,N,N,N,Y,N,N,N,N,N,26.672586882,-80.170959099,582492.055974,2950439.983208,R,,ARBM15Q1R2,"February 28, 2022",2424048,-8924590.643710827,3082625.63353284
2018851995920,2018,851995920,FHPK18OFF021286,FLORIDA HIGHWAY PATROL,08 TURNPIKE,PALM BEACH,"March 22, 2018",1446,FRIDAY,9394 WEST PALM BEACH,0694,N,SR 91,MM 98.5,0.019,N,26.67133,-80.1717299,26.69093,-80.1572082,93470000,25.302,01447,SR 91,,L LEFT,1 THRU LANE 1,S SOUTH,03 TOLL ROAD URBAN,06 TURNPIKE/TOLL,01 NON-JUNCTION,01 ON ROADWAY,01 NOT AT INTERSECTION,01 PAVED,37,"June 14, 2016",12 URBAN PRIN ART EXPR.,24,PAVED WARN,10,LAWN,12,,0,20,76700,RCI,14.3,,70,1 NO INJURY,31 Q/C COMPLETED - LOC VERIFIED,0 NO,01 NOT AT INTERSECTION/RRX/BRIDGE,01 DAYLIGHT,01 CLEAR,01 DRY,01 LEVEL,1 STRAIGHT,"TWO-WAY, DIVIDED, POSITIVE MED","TWO-WAY, DIVIDED, POSITIVE MED",NO CONTROLS,NO CONTROLS,4,NONE,NOT CODED,NOT CODED,NONE,NOT CODED,NOT CODED,14 MOTOR VEHICLE IN TRANSPORT,01 FRONT TO REAR,01 STRAIGHT AHEAD,OPERATED MV IN CARLESS OR NEGL,NO CONTRIBUTING ACTION,00 NOT CODED,00 NOT CODED,00 NOT CODED,00 NOT CODED,01 NO,0,0,0,0,2,0,2,2,N,N,N,N,N,N,N,N,N,N,N,N,N,N,N,N,N,N,N,N,N,N,N,N,N,N,26.690713996,-80.157598183,583808.308021,2952456.47356,L,,ARBM15Q1R2,"February 28, 2022",2424100,-8923103.31298483,3084884.0189519227
2018820153990,2018,820153990,FHPL18OFF103403,FLORIDA HIGHWAY PATROL,04 FOURTH,PALM BEACH,"December 12, 2018",1755,THURSDAY,9394 WEST PALM BEACH,0694,Y,I 95,PALM BEACH LAKES BLVD,0.5,N,26.7189599,-80.08946,26.7264109,-80.091278,93220000,28.975,01221,SR 9,I 95,M MEDIAN,M MIDDLE,S SOUTH,01 INTERSTATE URBAN,01 INTERSTATE,01 NON-JUNCTION,04 MEDIAN,01 NOT AT INTERSECTION,01 PAVED,33,"May 15, 2017",11 URBAN PRIN ART INT.,78,PAVED,10,LAWN,12,,0,32,210000,RCI,7.4,,65,6 NON-TRAFFIC FATALITY,31 Q/C COMPLETED - LOC VERIFIED,0 NO,01 NOT AT INTERSECTION/RRX/BRIDGE,02 DUSK,02 CLOUDY,01 DRY,01 LEVEL,3 CURVE LEFT,"TWO-WAY, DIVIDED, POSITIVE MED",,NO CONTROLS,NOT CODED,10,NONE,NOT CODED,NOT CODED,NONE,NOT CODED,NOT CODED,30 CONCRETE TRAFFIC BARRIER,77 OTHER (SEE NARRATIVE),06 CHANGING LANES,RAN OFF ROADWAY,NOT CODED,00 NOT CODED,00 NOT CODED,00 NOT CODED,00 NOT CODED,01 NO,0,0,0,0,1,0,1,1,N,N,N,N,Y,N,N,N,N,N,N,N,N,N,N,N,N,N,N,N,N,Y,Y,N,N,N,26.726241978,-80.091306336,590375.774024,2956436.933929,R,,ARBM15Q1R2,"February 28, 2022",2424208,-8915723.736253774,3089311.3520221533
2018871179310,2018,871179310,FHPL18OFF006399,FLORIDA HIGHWAY PATROL,04 FOURTH,PALM BEACH,"January 20, 2018",2313,SUNDAY,9394 WEST PALM BEACH,0694,N,I 95,SOUTHERN BLVD,0.047,S,26.6925482,-80.0667285,26.6833589,-80.0690245,93220156,0.494,04914,SR 9,I 95,R RIGHT,X RAMP,N NORTH,07 RAMP URBAN,01 INTERSTATE,14 ENTRANCE/EXIT RAMP,03 SHOULDER,01 NOT AT INTERSECTION,01 PAVED,0,"December 31, 2000",,24,CURB&GUTTER,6,LAWN,8,,0,,18000,RCI,7.1,,,1 NO INJURY,31 Q/C COMPLETED - LOC VERIFIED,0 NO,07 ENTRANCE RAMP,04 DARK-LIGHTED,01 CLEAR,01 DRY,01 LEVEL,1 STRAIGHT,ONE-WAY TRAFFICWAY,,NO CONTROLS,NOT CODED,2,NONE,NOT CODED,NOT CODED,NONE,NOT CODED,NOT CODED,30 CONCRETE TRAFFIC BARRIER,77 OTHER (SEE NARRATIVE),77 OTHER (SEE NARRATIVE),OTHER CONTRIBUTING ACTION,NOT CODED,00 NOT CODED,00 NOT CODED,00 NOT CODED,00 NOT CODED,01 NO,0,0,0,0,1,0,1,1,N,N,N,N,Y,N,N,N,N,N,N,N,N,N,N,N,N,N,N,N,N,N,N,N,N,N,26.683360157,-80.069023296,592626.775475,2951703.202847,O,,ARBM15Q1R2,"February 28, 2022",2424483,-8913243.198666334,3083967.790191755
2018871208880,2018,871208880,FHPL18OFF024583,FLORIDA HIGHWAY PATROL,04 FOURTH,PALM BEACH,"March 24, 2018",0100,SUNDAY,9394 WEST PALM BEACH,0694,Y,I 95,OKEECHOBEE BLVD,0.5,S,26.7009886,-80.0723498,26.6969176,-80.0697479,93220000,26.491,04933,SR 9,I 95,M MEDIAN,M MIDDLE,N NORTH,01 INTERSTATE URBAN,01 INTERSTATE,01 NON-JUNCTION,03 SHOULDER,01 NOT AT INTERSECTION,01 PAVED,33,"May 15, 2017",11 URBAN PRIN ART INT.,64,PAVED WARN,13,,0,,0,32,247000,RCI,7.4,,65,1 NO INJURY,31 Q/C COMPLETED - LOC VERIFIED,0 NO,01 NOT AT INTERSECTION/RRX/BRIDGE,05 DARK-NOT LIGHTED,01 CLEAR,01 DRY,04 DOWNHILL,1 STRAIGHT,"TWO-WAY, DIVIDED, POSITIVE MED",,NO CONTROLS,NOT CODED,10,NONE,NOT CODED,NOT CODED,NONE,NOT CODED,NOT CODED,30 CONCRETE TRAFFIC BARRIER,77 OTHER (SEE NARRATIVE),01 STRAIGHT AHEAD,RAN OFF ROADWAY,NOT CODED,00 NOT CODED,00 NOT CODED,00 NOT CODED,00 NOT CODED,01 NO,0,0,0,0,1,0,1,1,N,N,N,N,Y,N,N,N,N,N,N,N,N,N,N,N,N,N,N,N,N,N,N,N,N,N,26.697068086,-80.069772198,592541.186754,2953220.992282,R,,ARBM15Q1R2,"February 28, 2022",2424562,-8913326.566121101,3085675.7351747476
2018855675980,2018,855675980,FHPL18OFF016357,FLORIDA HIGHWAY PATROL,04 FOURTH,PALM BEACH,"February 24, 2018",0420,SUNDAY,9394 WEST PALM BEACH,0694,Y,I 95,PALM BEACH LAKES BLVD,0.5,N,26.7189599,-80.08946,26.7237838,-80.0912943,93220000,28.794,01221,SR 9,I 95,L LEFT,S SIDE OF ROAD,S SOUTH,01 INTERSTATE URBAN,01 INTERSTATE,01 NON-JUNCTION,02 OFF ROADWAY,01 NOT AT INTERSECTION,01 PAVED,33,"May 15, 2017",11 URBAN PRIN ART INT.,64,PAVED,13,LAWN,12,,0,32,210000,RCI,7.4,1D3000,65,1 NO INJURY,31 Q/C COMPLETED - LOC VERIFIED,0 NO,01 NOT AT INTERSECTION/RRX/BRIDGE,04 DARK-LIGHTED,01 CLEAR,01 DRY,01 LEVEL,1 STRAIGHT,"TWO-WAY, DIVIDED, POSITIVE MED",,NO CONTROLS,NOT CODED,10,NONE,NOT CODED,NOT CODED,NONE,NOT CODED,NOT CODED,14 MOTOR VEHICLE IN TRANSPORT,77 OTHER (SEE NARRATIVE),01 STRAIGHT AHEAD,OPERATED MV IN CARLESS OR NEGL,NOT CODED,00 NOT CODED,00 NOT CODED,00 NOT CODED,00 NOT CODED,01 NO,0,0,0,0,1,0,1,4,N,N,N,N,Y,N,N,N,N,N,N,N,N,N,N,N,N,N,N,N,N,N,N,N,N,N,26.723576797,-80.091599608,590348.709623,2956141.521783,L,,ARBM15Q1R2,"February 28, 2022",2424635,-8915756.383140313,3088979.1815657606
2018854285060,2018,854285060,FHPK18OFF040101,FLORIDA HIGHWAY PATROL,08 TURNPIKE,PALM BEACH,"May 30, 2018",1734,THURSDAY,9394 WEST PALM BEACH,0694,N,SR 91,JOG RD,0.379,S,26.69628,-80.1519799,26.6966333,-80.151674,93470000,25.823,04153,SR 91,,M MEDIAN,M MIDDLE,S SOUTH,03 TOLL ROAD URBAN,06 TURNPIKE/TOLL,01 NON-JUNCTION,03 SHOULDER,01 NOT AT INTERSECTION,01 PAVED,36,"June 14, 2016",12 URBAN PRIN ART EXPR.,24,PAVED WARN,33,LAWN,3.5,,0,20,76700,RCI,14.3,,70,1 NO INJURY,31 Q/C COMPLETED - LOC VERIFIED,0 NO,01 NOT AT INTERSECTION/RRX/BRIDGE,01 DAYLIGHT,02 CLOUDY,01 DRY,01 LEVEL,1 STRAIGHT,"TWO-WAY, DIVIDED, POSITIVE MED",,NO CONTROLS,NOT CODED,4,NONE,NOT CODED,NOT CODED,NONE,NOT CODED,NOT CODED,30 CONCRETE TRAFFIC BARRIER,77 OTHER (SEE NARRATIVE),01 STRAIGHT AHEAD,RAN OFF ROADWAY,NOT CODED,00 NOT CODED,00 NOT CODED,00 NOT CODED,00 NOT CODED,01 NO,0,0,0,0,1,0,1,1,N,N,N,N,Y,N,N,N,N,N,N,N,N,N,N,N,N,N,N,N,N,N,N,N,N,N,26.696507575,-80.151748289,584386.055797,2953102.037531,R,,ARBM15Q1R2,"February 28, 2022",2424669,-8922452.105532816,3085605.893757007
2018854012830,2018,854012830,FHPL18OFF000233,FLORIDA HIGHWAY PATROL,04 FOURTH,PALM BEACH,"January 1, 2018",0328,TUESDAY,9394 WEST PALM BEACH,0694,Y,I 95,FOREST HILL BLVD,0.5,N,26.6635353,-80.0716531,26.6628922,-80.0707439,93220000,24.04,02219,SR 9,I 95,L LEFT,3 THRU LANE 3,S SOUTH,01 INTERSTATE URBAN,01 INTERSTATE,01 NON-JUNCTION,01 ON ROADWAY,01 NOT AT INTERSECTION,01 PAVED,32,"May 15, 2017",11 URBAN PRIN ART INT.,64,PAVED WARN,8,VALLEY GUTR,3,,0,32,245000,RCI,7.4,0D3000,65,3 NO-INCAPACITATING INJURY,31 Q/C COMPLETED - LOC VERIFIED,1 ALC,01 NOT AT INTERSECTION/RRX/BRIDGE,04 DARK-LIGHTED,03 RAIN,02 WET,01 LEVEL,1 STRAIGHT,"TWO-WAY, DIVIDED, POSITIVE MED","TWO-WAY, DIVIDED, POSITIVE MED",NO CONTROLS,NO CONTROLS,10,"RD SURFC (WET, ICY, SNOW, ETC)",NOT CODED,NOT CODED,WEATHER CONDITIONS,NOT CODED,NOT CODED,14 MOTOR VEHICLE IN TRANSPORT,01 FRONT TO REAR,01 STRAIGHT AHEAD,DROVE TOO FAST FOR CONDITIONS,NO CONTRIBUTING ACTION,00 NOT CODED,00 NOT CODED,00 NOT CODED,00 NOT CODED,01 NO,1,0,0,0,2,0,2,2,N,N,N,N,N,Y,N,Y,N,N,N,Y,N,N,N,N,N,N,N,N,N,N,N,N,N,N,26.662567695,-80.071059505,592440.93673,2949398.6941,L,,ARBM15Q1R2,"February 28, 2022",2425173,-8913469.868545284,3081377.537097512
2018855363170,2018,855363170,FHPL18OFF002045,FLORIDA HIGHWAY PATROL,04 FOURTH,PALM BEACH,"January 7, 2018",0712,MONDAY,9394 WEST PALM BEACH,0694,Y,I 95,45TH ST,0.5,S,26.7589399,-80.0913,26.7490502,-80.0900358,93220000,30.535,01188,SR 9,I 95,M MEDIAN,M MIDDLE,S SOUTH,01 INTERSTATE URBAN,01 INTERSTATE,01 NON-JUNCTION,01 ON ROADWAY,01 NOT AT INTERSECTION,01 PAVED,34,"May 15, 2017",11 URBAN PRIN ART INT.,64,PAVED,11,LAWN,12,,0,32,210000,RCI,7.4,,65,2 POSSIBLE INJURY,31 Q/C COMPLETED - LOC VERIFIED,0 NO,01 NOT AT INTERSECTION/RRX/BRIDGE,01 DAYLIGHT,02 CLOUDY,01 DRY,01 LEVEL,1 STRAIGHT,"TWO-WAY, DIVIDED, POSITIVE MED",,NO CONTROLS,NOT CODED,10,NONE,NOT CODED,NOT CODED,NONE,NOT CODED,NOT CODED,30 CONCRETE TRAFFIC BARRIER,77 OTHER (SEE NARRATIVE),01 STRAIGHT AHEAD,FAILED TO KEEP IN PROPER LANE,NOT CODED,00 NOT CODED,00 NOT CODED,00 NOT CODED,00 NOT CODED,01 NO,1,0,0,0,1,0,1,1,N,N,N,N,Y,N,N,N,N,N,N,N,N,N,N,N,N,N,N,N,N,N,N,N,N,N,26.748900699,-80.09007107,590480.701897,2958947.569208,R,,ARBM15Q1R2,"February 28, 2022",2425197,-8915586.227133002,3092135.6989782318
2018871412320,2018,871412320,FHPL18OFF033531,FLORIDA HIGHWAY PATROL,04 FOURTH,PALM BEACH,"April 22, 2018",1248,MONDAY,9394 WEST PALM BEACH,0694,Y,I 95,BLUE HERON BLVD,0.17,S,26.7781561,-80.0987143,26.7806717,-80.0990257,93220000,32.804,02376,SR 9,I 95,M MEDIAN,M MIDDLE,N NORTH,01 INTERSTATE URBAN,01 INTERSTATE,01 NON-JUNCTION,04 MEDIAN,01 NOT AT INTERSECTION,01 PAVED,34,"May 15, 2017",11 URBAN PRIN ART INT.,64,PAVED WARN,11,,0,,0,32,210000,RCI,7.4,2D0000,65,1 NO INJURY,31 Q/C COMPLETED - LOC VERIFIED,0 NO,01 NOT AT INTERSECTION/RRX/BRIDGE,01 DAYLIGHT,03 RAIN,02 WET,04 DOWNHILL,1 STRAIGHT,"TWO-WAY, DIVIDED, POSITIVE MED",,NO CONTROLS,NOT CODED,10,NONE,NOT CODED,NOT CODED,NONE,NOT CODED,NOT CODED,30 CONCRETE TRAFFIC BARRIER,88 UNKNOWN,01 STRAIGHT AHEAD,DROVE TOO FAST FOR CONDITIONS,NOT CODED,00 NOT CODED,00 NOT CODED,00 NOT CODED,00 NOT CODED,01 NO,0,0,0,0,1,0,1,1,N,N,N,N,Y,Y,N,N,N,N,N,Y,N,N,N,N,N,N,N,N,N,N,N,N,N,N,26.780537209,-80.099045674,589563.433005,2962445.398165,R,,ARBM15Q1R2,"February 28, 2022",2425591,-8916585.275838772,3096080.044505242
2018855805460,2018,855805460,FHPK18OFF010452,FLORIDA HIGHWAY PATROL,08 TURNPIKE,PALM BEACH,"February 10, 2018",2040,SUNDAY,9394 WEST PALM BEACH,0694,N,SR 91,SR 710,2,S,26.7941797,-80.1318612,26.7657923,-80.1334775,93470000,30.907,01484,SR 91,,L LEFT,S SIDE OF ROAD,S SOUTH,03 TOLL ROAD URBAN,06 TURNPIKE/TOLL,01 NON-JUNCTION,01 ON ROADWAY,01 NOT AT INTERSECTION,01 PAVED,36,"June 14, 2016",12 URBAN PRIN ART EXPR.,24,PAVED WARN,10,LAWN,12,,0,20,72300,RCI,14.3,,70,3 NO-INCAPACITATING INJURY,31 Q/C COMPLETED - LOC VERIFIED,0 NO,01 NOT AT INTERSECTION/RRX/BRIDGE,02 DUSK,01 CLEAR,01 DRY,01 LEVEL,1 STRAIGHT,"TWO-WAY, DIVIDED, POSITIVE MED",,NO CONTROLS,NOT CODED,4,NONE,NOT CODED,NOT CODED,NONE,NOT CODED,NOT CODED,29 CABLE BARRIER,77 OTHER (SEE NARRATIVE),01 STRAIGHT AHEAD,NO CONTRIBUTING ACTION,NOT CODED,00 NOT CODED,00 NOT CODED,00 NOT CODED,00 NOT CODED,01 NO,1,0,0,0,1,0,1,1,N,N,N,N,Y,N,N,N,N,N,N,N,N,N,N,N,N,N,N,N,Y,N,N,N,N,N,26.765581405,-80.133624846,586137.058772,2960764.95446,L,,ARBM15Q1R2,"February 28, 2022",2427268,-8920434.612680191,3094215.2625520774
2018854414260,2018,854414260,FHPL18OFF000751,FLORIDA HIGHWAY PATROL,04 FOURTH,PALM BEACH,"January 2, 2018",0950,WEDNESDAY,9394 WEST PALM BEACH,0694,N,I 95,SR 80,0.152,S,26.6740111,-80.0696791,26.6731208,-80.0698094,93220000,24.749,02265,SR 9,I 95,R RIGHT,6 THRU LANE 6,N NORTH,01 INTERSTATE URBAN,01 INTERSTATE,01 NON-JUNCTION,01 ON ROADWAY,01 NOT AT INTERSECTION,01 PAVED,32,"May 15, 2017",11 URBAN PRIN ART INT.,64,PAVED WARN,11,LAWN,12,,0,32,194000,RCI,7.4,,65,2 POSSIBLE INJURY,31 Q/C COMPLETED - LOC VERIFIED,0 NO,01 NOT AT INTERSECTION/RRX/BRIDGE,01 DAYLIGHT,03 RAIN,02 WET,01 LEVEL,1 STRAIGHT,"TWO-WAY, DIVIDED, POSITIVE MED","TWO-WAY, DIVIDED, POSITIVE MED",NO CONTROLS,NO CONTROLS,11,"RD SURFC (WET, ICY, SNOW, ETC)",NOT CODED,NOT CODED,WEATHER CONDITIONS,NOT CODED,NOT CODED,14 MOTOR VEHICLE IN TRANSPORT,01 FRONT TO REAR,06 CHANGING LANES,OPERATED MV IN CARLESS OR NEGL,NO CONTRIBUTING ACTION,00 NOT CODED,00 NOT CODED,00 NOT CODED,00 NOT CODED,01 NO,1,0,0,0,2,0,2,2,N,N,Y,N,N,N,N,N,N,N,N,N,N,N,N,N,N,N,N,N,N,N,N,N,N,N,26.672889282,-80.069878855,592550.101689,2950542.797179,R,,ARBM15Q1R2,"February 28, 2022",2427322,-8913338.439128123,3082663.3058285224
2018871088320,2018,871088320,FHPL18OFF000738,FLORIDA HIGHWAY PATROL,04 FOURTH,PALM BEACH,"January 2, 2018",0900,WEDNESDAY,9394 WEST PALM BEACH,0694,Y,I 95,OKEECHOBEE BLVD,0.379,N,26.70595,-80.07438,26.7103734,-80.0789124,93220000,27.557,01182,SR 9,I 95,R RIGHT,5 THRU LANE 5,S SOUTH,01 INTERSTATE URBAN,01 INTERSTATE,01 NON-JUNCTION,01 ON ROADWAY,01 NOT AT INTERSECTION,01 PAVED,33,"May 15, 2017",11 URBAN PRIN ART INT.,78,PAVED WARN,11,LAWN,12,,0,32,214308,RCI,6.5,0D5000,65,2 POSSIBLE INJURY,31 Q/C COMPLETED - LOC VERIFIED,0 NO,01 NOT AT INTERSECTION/RRX/BRIDGE,01 DAYLIGHT,03 RAIN,02 WET,01 LEVEL,1 STRAIGHT,"TWO-WAY, DIVIDED, POSITIVE MED","TWO-WAY, DIVIDED, UNPROTECTED",NO CONTROLS,NO CONTROLS,11,NONE,NOT CODED,NOT CODED,ALL OTHER (SEE NARRTIVE),NOT CODED,NOT CODED,14 MOTOR VEHICLE IN TRANSPORT,01 FRONT TO REAR,14 SLOWING,DROVE TOO FAST FOR CONDITIONS,NO CONTRIBUTING ACTION,00 NOT CODED,00 NOT CODED,00 NOT CODED,00 NOT CODED,01 NO,1,0,0,0,2,0,2,3,N,N,N,N,N,Y,N,N,N,N,N,Y,N,N,N,N,N,N,N,N,Y,N,N,N,N,N,26.710243958,-80.078797145,591632.772466,2954673.875339,R,,ARBM15Q1R2,"February 28, 2022",2427562,-8914331.219026327,3087317.5817780546
2018855930870,2018,855930870,FHPK18OFF002969,FLORIDA HIGHWAY PATROL,08 TURNPIKE,PALM BEACH,"January 11, 2018",1045,FRIDAY,9394 WEST PALM BEACH,0694,N,SR 91,M M 104,3,S,26.75113,-80.1343099,26.7208905,-80.135665,93470000,27.812,01486,SR 91,,R RIGHT,2 THRU LANE 2,E EAST,03 TOLL ROAD URBAN,06 TURNPIKE/TOLL,01 NON-JUNCTION,01 ON ROADWAY,01 NOT AT INTERSECTION,01 PAVED,36,"June 14, 2016",12 URBAN PRIN ART EXPR.,24,PAVED WARN,12,LAWN,0,,0,20,72300,RCI,14.3,0D4000,70,2 POSSIBLE INJURY,31 Q/C COMPLETED - LOC VERIFIED,0 NO,01 NOT AT INTERSECTION/RRX/BRIDGE,01 DAYLIGHT,01 CLEAR,01 DRY,01 LEVEL,1 STRAIGHT,"TWO-WAY, DIVIDED, POSITIVE MED","TWO-WAY, DIVIDED, POSITIVE MED",TRAFFIC CONTROL SIGNAL,TRAFFIC CONTROL SIGNAL,4,NONE,NOT CODED,NOT CODED,NONE,NOT CODED,NOT CODED,14 MOTOR VEHICLE IN TRANSPORT,77 OTHER (SEE NARRATIVE),10 MAKING U-TURN,IMPROPER TURN,NO CONTRIBUTING ACTION,00 NOT CODED,00 NOT CODED,00 NOT CODED,00 NOT CODED,01 NO,3,0,0,0,3,0,3,6,N,N,N,N,N,N,N,N,N,N,N,N,N,N,N,N,N,N,N,N,N,N,N,N,N,N,26.72076846,-80.135676246,585966.791299,2955799.963137,R,,ARBM15Q1R2,"February 28, 2022",2427805,-8920662.973459767,3088629.1773296073
2018855805420,2018,855805420,FHPK18OFF005813,FLORIDA HIGHWAY PATROL,08 TURNPIKE,PALM BEACH,"January 22, 2018",2203,TUESDAY,9394 WEST PALM BEACH,0694,N,SR 91,SOUTHERN BLVD,1,N,26.65706,-80.1741399,26.6912366,-80.1569107,93470000,25.33,01447,SR 91,,M MEDIAN,M MIDDLE,S SOUTH,03 TOLL ROAD URBAN,06 TURNPIKE/TOLL,01 NON-JUNCTION,01 ON ROADWAY,01 NOT AT INTERSECTION,01 PAVED,37,"June 14, 2016",12 URBAN PRIN ART EXPR.,24,PAVED WARN,12,,0,,0,20,76700,RCI,14.3,,70,3 NO-INCAPACITATING INJURY,31 Q/C COMPLETED - LOC VERIFIED,0 NO,01 NOT AT INTERSECTION/RRX/BRIDGE,02 DUSK,02 CLOUDY,02 WET,01 LEVEL,1 STRAIGHT,"TWO-WAY, DIVIDED, POSITIVE MED",,NO CONTROLS,NOT CODED,4,NONE,NOT CODED,NOT CODED,WEATHER CONDITIONS,NOT CODED,NOT CODED,30 CONCRETE TRAFFIC BARRIER,77 OTHER (SEE NARRATIVE),01 STRAIGHT AHEAD,NO CONTRIBUTING ACTION,NOT CODED,00 NOT CODED,00 NOT CODED,00 NOT CODED,00 NOT CODED,01 NO,1,0,0,0,1,0,1,1,N,N,N,N,Y,N,N,N,N,N,N,N,N,N,N,N,N,N,N,N,N,N,N,N,N,N,26.691126055,-80.157010716,583866.454475,2952502.500101,R,,ARBM15Q1R2,"February 28, 2022",2427819,-8923037.916339073,3084935.359976393
2018855946440,2018,855946440,FHPK18OFF038766,FLORIDA HIGHWAY PATROL,08 TURNPIKE,PALM BEACH,"May 25, 2018",1545,SATURDAY,9394 WEST PALM BEACH,0694,N,SR 91,WPB SERVICE PLAZA,1,N,26.67133,-80.1717299,26.6454452,-80.1739817,93470000,21.871,04982,SR 91,,M MEDIAN,M MIDDLE,S SOUTH,03 TOLL ROAD URBAN,06 TURNPIKE/TOLL,01 NON-JUNCTION,01 ON ROADWAY,01 NOT AT INTERSECTION,01 PAVED,37,"June 14, 2016",12 URBAN PRIN ART EXPR.,24,PAVED WARN,10,LAWN,12,,0,20,79000,RCI,11,,70,1 NO INJURY,31 Q/C COMPLETED - LOC VERIFIED,0 NO,01 NOT AT INTERSECTION/RRX/BRIDGE,01 DAYLIGHT,03 RAIN,02 WET,01 LEVEL,1 STRAIGHT,"TWO-WAY, DIVIDED, POSITIVE MED",,NO CONTROLS,NOT CODED,4,NONE,NOT CODED,NOT CODED,NONE,NOT CODED,NOT CODED,30 CONCRETE TRAFFIC BARRIER,77 OTHER (SEE NARRATIVE),01 STRAIGHT AHEAD,NO CONTRIBUTING ACTION,NOT CODED,00 NOT CODED,00 NOT CODED,00 NOT CODED,00 NOT CODED,01 NO,0,0,0,0,1,0,1,1,N,N,N,N,Y,N,N,N,N,N,N,N,N,N,N,N,N,N,N,N,N,N,N,N,N,N,26.645271699,-80.173989201,582210.110458,2947412.57717,R,,ARBM15Q1R2,"February 28, 2022",2427820,-8924927.953077646,3079223.22092244